ts,close
09/18/2009,26.54
09/21/2009,26.23
09/22/2009,25.69
09/23/2009,26.09
09/24/2009,27.13
09/25/2009,27.21
09/28/2009,26.27
09/29/2009,26.48
09/30/2009,26.66
10/01/2009,28.33
10/02/2009,28.8
10/05/2009,27.61
10/06/2009,26.73
10/07/2009,26.12
10/08/2009,25.74
10/09/2009,25.08
10/12/2009,25.17
10/13/2009,25.09
10/14/2009,24.58
10/15/2009,24.22
10/16/2009,24.4
10/19/2009,24.15
10/20/2009,23.72
10/21/2009,24.55
10/22/2009,23.35
10/23/2009,24.31
10/26/2009,25.37
10/27/2009,25.46
10/28/2009,27.42
10/29/2009,25.66
10/30/2009,29.07
11/02/2009,28.82
11/03/2009,28.87
11/04/2009,28.18
11/05/2009,26.61
11/06/2009,25.88
11/09/2009,24.41
11/10/2009,24.71
11/11/2009,24.97
11/12/2009,26.07
11/13/2009,25.6
11/16/2009,25.15
11/17/2009,25.04
11/18/2009,24.72
11/19/2009,25.11
11/20/2009,24.66
11/23/2009,24.11
11/24/2009,23.74
11/25/2009,23.66
11/27/2009,26.15
11/30/2009,26.24
12/01/2009,24.94
12/02/2009,24.8
12/03/2009,25.51
12/04/2009,24.76
12/07/2009,25.3
12/08/2009,26.13
12/09/2009,25.8
12/10/2009,25.34
12/11/2009,25.12
12/14/2009,24.56
12/15/2009,24.73
12/16/2009,24.25
12/17/2009,24.78
12/18/2009,24.52
12/21/2009,23.53
12/22/2009,22.76
12/23/2009,22.68
12/24/2009,22.43
12/28/2009,22.49
12/29/2009,22.63
12/30/2009,22.66
12/31/2009,23.89
01/04/2010,22.77
01/05/2010,22.39
01/06/2010,21.8
01/07/2010,21.6
01/08/2010,21.0
01/11/2010,21.27
01/12/2010,21.79
01/13/2010,21.29
01/14/2010,20.71
01/15/2010,21.48
01/19/2010,20.89
01/20/2010,21.4
01/21/2010,23.15
01/22/2010,26.29
01/25/2010,25.19
01/26/2010,25.17
01/27/2010,24.13
01/28/2010,24.67
01/29/2010,25.38
02/01/2010,23.64
02/02/2010,22.93
02/03/2010,23.0
02/04/2010,25.98
02/05/2010,26.0
02/08/2010,26.43
02/09/2010,26.04
02/10/2010,25.87
02/11/2010,24.57
02/12/2010,24.46
02/16/2010,23.57
02/17/2010,23.29
02/18/2010,22.78
02/19/2010,22.31
02/22/2010,21.73
02/23/2010,22.62
02/24/2010,22.08
02/25/2010,22.07
02/26/2010,21.65
03/01/2010,21.44
03/02/2010,21.18
03/03/2010,20.97
03/04/2010,21.03
03/05/2010,20.23
03/08/2010,20.26
03/09/2010,20.16
03/10/2010,20.51
03/11/2010,20.7
03/12/2010,20.27
03/15/2010,20.72
03/16/2010,20.16
03/17/2010,19.72
03/18/2010,19.48
03/19/2010,19.95
03/22/2010,20.11
03/23/2010,19.68
03/24/2010,20.08
03/25/2010,20.58
03/26/2010,20.06
03/29/2010,19.85
03/30/2010,19.54
03/31/2010,19.92
04/01/2010,19.9
04/05/2010,19.35
04/06/2010,18.84
04/07/2010,19.19
04/08/2010,19.08
04/09/2010,18.62
04/12/2010,18.96
04/13/2010,18.99
04/14/2010,18.77
04/15/2010,18.9
04/16/2010,20.23
04/19/2010,19.79
04/20/2010,18.99
04/21/2010,19.3
04/22/2010,19.59
04/23/2010,19.39
04/26/2010,19.86
04/27/2010,22.72
04/28/2010,22.31
04/29/2010,20.96
04/30/2010,23.67
05/03/2010,22.58
05/04/2010,25.07
05/05/2010,26.37
05/06/2010,26.37
05/07/2010,36.62
05/10/2010,28.98
05/11/2010,28.87
05/12/2010,26.65
05/13/2010,27.61
05/14/2010,30.8
05/17/2010,30.51
05/18/2010,32.81
05/19/2010,34.18
05/20/2010,40.83
05/21/2010,37.4
05/24/2010,36.91
05/25/2010,34.9
05/26/2010,33.95
05/27/2010,30.64
05/28/2010,32.0
06/01/2010,34.02
06/02/2010,30.59
06/03/2010,30.24
06/04/2010,34.37
06/07/2010,35.3
06/08/2010,33.65
06/09/2010,33.8
06/10/2010,31.47
06/11/2010,30.95
06/14/2010,30.68
06/15/2010,28.45
06/16/2010,28.78
06/17/2010,28.21
06/18/2010,27.96
06/21/2010,27.54
06/22/2010,29.09
06/23/2010,29.26
06/24/2010,31.36
06/25/2010,30.7
06/28/2010,30.96
06/29/2010,34.38
06/30/2010,35.23
07/01/2010,34.49
07/02/2010,33.29
07/06/2010,32.01
07/07/2010,29.72
07/08/2010,28.83
07/09/2010,28.17
07/12/2010,28.39
07/13/2010,28.32
07/14/2010,28.83
07/15/2010,29.23
07/16/2010,30.6
07/19/2010,30.08
07/20/2010,28.22
07/21/2010,29.08
07/22/2010,27.9
07/23/2010,26.99
07/26/2010,26.44
07/27/2010,26.37
07/28/2010,26.71
07/29/2010,27.12
07/30/2010,27.14
08/02/2010,25.4
08/03/2010,26.01
08/04/2010,25.96
08/05/2010,26.16
08/06/2010,26.12
08/09/2010,26.03
08/10/2010,26.31
08/11/2010,28.69
08/12/2010,29.25
08/13/2010,29.97
08/16/2010,29.8
08/17/2010,28.57
08/18/2010,28.58
08/19/2010,29.63
08/20/2010,29.54
08/23/2010,29.29
08/24/2010,30.31
08/25/2010,29.85
08/26/2010,30.37
08/27/2010,28.4
08/30/2010,30.01
08/31/2010,29.04
09/01/2010,27.29
09/02/2010,26.62
09/03/2010,25.31
09/07/2010,26.77
09/08/2010,26.3
09/09/2010,26.1
09/10/2010,25.59
09/13/2010,24.75
09/14/2010,24.74
09/15/2010,24.93
09/16/2010,24.96
09/17/2010,25.12
09/20/2010,24.59
09/21/2010,24.94
09/22/2010,25.16
09/23/2010,26.16
09/24/2010,24.75
09/27/2010,25.2
09/28/2010,25.34
09/29/2010,25.91
09/30/2010,26.4
10/01/2010,25.7
10/04/2010,26.32
10/05/2010,25.08
10/06/2010,24.91
10/07/2010,24.89
10/08/2010,24.06
10/11/2010,23.98
10/12/2010,23.37
10/13/2010,22.98
10/14/2010,23.56
10/15/2010,23.2
10/18/2010,22.8
10/19/2010,23.59
10/20/2010,22.66
10/21/2010,22.22
10/22/2010,21.65
10/25/2010,21.91
10/26/2010,22.2
10/27/2010,22.6
10/28/2010,22.81
10/29/2010,22.95
11/01/2010,23.29
11/02/2010,23.02
11/03/2010,21.65
11/04/2010,20.57
11/05/2010,20.66
11/08/2010,20.73
11/09/2010,21.53
11/10/2010,21.28
11/11/2010,21.47
11/12/2010,22.93
11/15/2010,22.81
11/16/2010,24.08
11/17/2010,23.83
11/18/2010,22.43
11/19/2010,21.4
11/22/2010,21.33
11/23/2010,22.59
11/24/2010,21.81
11/26/2010,21.81
11/29/2010,23.35
11/30/2010,25.19
12/01/2010,23.99
12/02/2010,21.99
12/03/2010,21.0
12/06/2010,21.04
12/07/2010,20.97
12/08/2010,20.38
12/09/2010,19.98
12/10/2010,19.84
12/13/2010,20.46
12/14/2010,20.39
12/15/2010,20.74
12/16/2010,20.82
12/17/2010,20.29
12/20/2010,20.1
12/21/2010,19.91
12/22/2010,19.57
12/23/2010,20.44
12/27/2010,21.04
12/28/2010,21.18
12/29/2010,20.84
12/30/2010,21.01
12/31/2010,20.9
01/03/2011,20.62
01/04/2011,20.61
01/05/2011,20.05
01/06/2011,20.35
01/07/2011,20.29
01/10/2011,20.48
01/11/2011,20.14
01/12/2011,19.23
01/13/2011,19.2
01/14/2011,18.37
01/18/2011,18.38
01/19/2011,19.64
01/20/2011,19.9
01/21/2011,19.97
01/24/2011,19.58
01/25/2011,19.34
01/26/2011,18.82
01/27/2011,18.48
01/28/2011,20.59
01/31/2011,20.15
02/01/2011,18.97
02/02/2011,19.09
02/03/2011,18.92
02/04/2011,18.33
02/07/2011,18.26
02/08/2011,17.85
02/09/2011,17.86
02/10/2011,18.1
02/11/2011,17.86
02/14/2011,17.94
02/15/2011,18.27
02/16/2011,18.32
02/17/2011,18.63
02/18/2011,18.9
02/22/2011,21.32
02/23/2011,22.47
02/24/2011,22.26
02/25/2011,20.57
02/28/2011,20.0
03/01/2011,21.9
03/02/2011,21.68
03/03/2011,20.44
03/04/2011,20.8
03/07/2011,21.85
03/08/2011,21.45
03/09/2011,21.82
03/10/2011,22.76
03/11/2011,21.87
03/14/2011,22.49
03/15/2011,24.03
03/16/2011,26.91
03/17/2011,25.44
03/18/2011,24.34
03/21/2011,21.95
03/22/2011,21.7
03/23/2011,20.93
03/24/2011,20.08
03/25/2011,20.03
03/28/2011,20.86
03/29/2011,19.97
03/30/2011,19.75
03/31/2011,19.84
04/01/2011,19.59
04/04/2011,19.39
04/05/2011,19.4
04/06/2011,19.38
04/07/2011,19.5
04/08/2011,20.05
04/11/2011,20.01
04/12/2011,20.33
04/13/2011,19.99
04/14/2011,19.96
04/15/2011,19.17
04/18/2011,19.92
04/19/2011,19.18
04/20/2011,18.48
04/21/2011,18.35
04/25/2011,18.55
04/26/2011,18.27
04/27/2011,17.9
04/28/2011,17.52
04/29/2011,17.5
05/02/2011,18.39
05/03/2011,19.11
05/04/2011,19.44
05/05/2011,19.84
05/06/2011,19.91
05/09/2011,19.2
05/10/2011,18.37
05/11/2011,19.05
05/12/2011,18.44
05/13/2011,19.07
05/16/2011,19.87
05/17/2011,19.45
05/18/2011,18.53
05/19/2011,18.17
05/20/2011,19.05
05/23/2011,19.79
05/24/2011,19.17
05/25/2011,18.87
05/26/2011,18.19
05/27/2011,18.13
05/31/2011,17.56
06/01/2011,19.36
06/02/2011,19.32
06/03/2011,19.47
06/06/2011,19.96
06/07/2011,19.5
06/08/2011,19.95
06/09/2011,19.26
06/10/2011,20.11
06/13/2011,20.44
06/14/2011,19.43
06/15/2011,21.38
06/16/2011,22.61
06/17/2011,22.44
06/20/2011,21.22
06/21/2011,20.5
06/22/2011,20.72
06/23/2011,20.93
06/24/2011,21.92
06/27/2011,21.5
06/28/2011,20.52
06/29/2011,19.42
06/30/2011,18.91
07/01/2011,17.93
07/05/2011,18.11
07/06/2011,18.41
07/07/2011,17.77
07/08/2011,17.96
07/11/2011,19.98
07/12/2011,20.93
07/13/2011,20.85
07/14/2011,21.59
07/15/2011,20.94
07/18/2011,21.84
07/19/2011,20.5
07/20/2011,20.37
07/21/2011,19.2
07/22/2011,19.2
07/25/2011,20.26
07/26/2011,20.89
07/27/2011,22.69
07/28/2011,22.95
07/29/2011,22.91
08/01/2011,22.38
08/02/2011,23.6
08/03/2011,23.12
08/04/2011,28.56
08/05/2011,29.59
08/08/2011,38.1
08/09/2011,31.07
08/10/2011,36.58
08/11/2011,33.82
08/12/2011,32.75
08/15/2011,30.08
08/16/2011,30.44
08/17/2011,30.03
08/18/2011,36.6
08/19/2011,37.9
08/22/2011,38.26
08/23/2011,34.79
08/24/2011,34.8
08/25/2011,36.61
08/26/2011,34.41
08/29/2011,31.98
08/30/2011,32.47
08/31/2011,31.67
09/01/2011,31.99
09/02/2011,33.79
09/06/2011,35.38
09/07/2011,32.96
09/08/2011,33.71
09/09/2011,36.64
09/12/2011,37.06
09/13/2011,36.06
09/14/2011,34.96
09/15/2011,33.52
09/16/2011,32.95
09/19/2011,33.81
09/20/2011,33.62
09/21/2011,36.19
09/22/2011,39.15
09/23/2011,39.55
09/26/2011,38.03
09/27/2011,37.21
09/28/2011,39.52
09/29/2011,38.18
09/30/2011,41.24
10/03/2011,43.38
10/04/2011,40.45
10/05/2011,38.31
10/06/2011,37.04
10/07/2011,37.31
10/10/2011,34.79
10/11/2011,34.06
10/12/2011,32.97
10/13/2011,32.71
10/14/2011,30.39
10/17/2011,33.6
10/18/2011,31.98
10/19/2011,34.39
10/20/2011,34.2
10/21/2011,31.97
10/24/2011,30.47
10/25/2011,32.36
10/26/2011,30.94
10/27/2011,27.03
10/28/2011,26.52
10/31/2011,30.37
11/01/2011,34.02
11/02/2011,32.88
11/03/2011,31.62
11/04/2011,31.23
11/07/2011,31.38
11/08/2011,29.52
11/09/2011,35.49
11/10/2011,33.75
11/11/2011,31.6
11/14/2011,32.72
11/15/2011,32.52
11/16/2011,34.39
11/17/2011,35.32
11/18/2011,34.2
11/21/2011,34.78
11/22/2011,34.24
11/23/2011,35.87
11/25/2011,36.45
11/28/2011,33.94
11/29/2011,33.21
11/30/2011,30.58
12/01/2011,30.03
12/02/2011,29.85
12/05/2011,29.9
12/06/2011,30.16
12/07/2011,30.62
12/08/2011,32.09
12/09/2011,29.53
12/12/2011,30.17
12/13/2011,30.17
12/14/2011,30.42
12/15/2011,29.46
12/16/2011,29.03
12/19/2011,28.74
12/20/2011,26.87
12/21/2011,25.56
12/22/2011,25.28
12/23/2011,25.22
12/27/2011,25.54
12/28/2011,26.75
12/29/2011,26.25
12/30/2011,26.86
01/03/2012,26.05
01/04/2012,25.31
01/05/2012,24.7
01/06/2012,24.09
01/09/2012,24.12
01/10/2012,23.68
01/11/2012,24.11
01/12/2012,24.04
01/13/2012,24.67
01/17/2012,25.0
01/18/2012,24.18
01/19/2012,23.65
01/20/2012,22.82
01/23/2012,22.32
01/24/2012,22.03
01/25/2012,21.36
01/26/2012,21.68
01/27/2012,21.4
01/30/2012,21.92
01/31/2012,22.09
02/01/2012,21.54
02/02/2012,21.01
02/03/2012,20.05
02/06/2012,20.39
02/07/2012,20.14
02/08/2012,20.68
02/09/2012,21.34
02/10/2012,23.28
02/13/2012,22.12
02/14/2012,22.82
02/15/2012,24.12
02/16/2012,23.17
02/17/2012,22.39
02/21/2012,22.35
02/22/2012,22.09
02/23/2012,20.78
02/24/2012,21.18
02/27/2012,21.87
02/28/2012,21.6
02/29/2012,21.8
03/01/2012,21.03
03/02/2012,21.26
03/05/2012,21.99
03/06/2012,23.9
03/07/2012,22.72
03/08/2012,21.84
03/09/2012,21.22
03/12/2012,20.81
03/13/2012,19.6
03/14/2012,20.75
03/15/2012,20.54
03/16/2012,20.37
03/19/2012,19.94
03/20/2012,19.96
03/21/2012,19.25
03/22/2012,19.55
03/23/2012,18.64
03/26/2012,17.43
03/27/2012,18.57
03/28/2012,18.79
03/29/2012,18.84
03/30/2012,18.61
04/02/2012,18.46
04/03/2012,18.81
04/04/2012,19.45
04/05/2012,19.82
04/09/2012,21.21
04/10/2012,22.62
04/11/2012,22.47
04/12/2012,20.25
04/13/2012,21.99
04/16/2012,22.04
04/17/2012,20.85
04/18/2012,21.12
04/19/2012,21.23
04/20/2012,20.48
04/23/2012,21.39
04/24/2012,20.51
04/25/2012,19.46
04/26/2012,18.55
04/27/2012,18.74
04/30/2012,19.32
05/01/2012,19.13
05/02/2012,19.01
05/03/2012,19.5
05/04/2012,20.72
05/07/2012,20.45
05/08/2012,20.81
05/09/2012,21.53
05/10/2012,20.87
05/11/2012,21.55
05/14/2012,22.97
05/15/2012,23.92
05/16/2012,24.92
05/17/2012,26.41
05/18/2012,27.66
05/21/2012,24.71
05/22/2012,25.23
05/23/2012,25.11
05/24/2012,24.78
05/25/2012,24.93
05/29/2012,23.89
05/30/2012,26.19
05/31/2012,26.22
06/01/2012,28.47
06/04/2012,28.12
06/05/2012,26.87
06/06/2012,24.71
06/07/2012,24.47
06/08/2012,23.64
06/11/2012,25.5
06/12/2012,24.94
06/13/2012,26.5
06/14/2012,25.0
06/15/2012,23.67
06/18/2012,22.13
06/19/2012,21.92
06/20/2012,20.84
06/21/2012,23.16
06/22/2012,21.51
06/25/2012,23.03
06/26/2012,22.47
06/27/2012,22.36
06/28/2012,22.25
06/29/2012,20.32
07/02/2012,19.79
07/03/2012,19.32
07/05/2012,20.11
07/06/2012,20.04
07/09/2012,20.37
07/10/2012,20.87
07/11/2012,20.25
07/12/2012,20.69
07/13/2012,19.39
07/16/2012,19.61
07/17/2012,18.92
07/18/2012,18.94
07/19/2012,18.61
07/20/2012,19.64
07/23/2012,21.18
07/24/2012,22.26
07/25/2012,21.88
07/26/2012,20.24
07/27/2012,19.66
07/30/2012,20.13
07/31/2012,20.78
08/01/2012,20.67
08/02/2012,20.23
08/03/2012,18.68
08/06/2012,18.74
08/07/2012,18.81
08/08/2012,18.58
08/09/2012,18.23
08/10/2012,18.14
08/13/2012,18.07
08/14/2012,18.51
08/15/2012,18.86
08/16/2012,18.55
08/17/2012,18.35
08/20/2012,18.59
08/21/2012,18.8
08/22/2012,19.42
08/23/2012,20.09
08/24/2012,19.24
08/27/2012,19.92
08/28/2012,19.82
08/29/2012,20.46
08/30/2012,20.92
08/31/2012,20.62
09/04/2012,20.68
09/05/2012,19.99
09/06/2012,18.62
09/07/2012,17.59
09/10/2012,18.3
09/11/2012,18.29
09/12/2012,17.6
09/13/2012,16.45
09/14/2012,16.9
09/17/2012,17.13
09/18/2012,16.63
09/19/2012,16.49
09/20/2012,16.75
09/21/2012,16.79
09/24/2012,16.59
09/25/2012,17.6
09/26/2012,18.5
09/27/2012,17.07
09/28/2012,17.61
10/01/2012,17.92
10/02/2012,17.74
10/03/2012,17.58
10/04/2012,17.06
10/05/2012,16.93
10/08/2012,17.36
10/09/2012,18.01
10/10/2012,18.13
10/11/2012,17.57
10/12/2012,17.74
10/15/2012,17.11
10/16/2012,16.97
10/17/2012,16.61
10/18/2012,16.58
10/19/2012,18.12
10/22/2012,17.87
10/23/2012,19.45
10/24/2012,19.27
10/25/2012,19.11
10/26/2012,19.02
10/31/2012,19.31
11/01/2012,17.73
11/02/2012,18.55
11/05/2012,18.97
11/06/2012,18.24
11/07/2012,19.81
11/08/2012,19.83
11/09/2012,20.07
11/12/2012,19.15
11/13/2012,18.97
11/14/2012,19.87
11/15/2012,19.79
11/16/2012,18.93
11/19/2012,17.59
11/20/2012,17.28
11/21/2012,17.58
11/23/2012,17.58
11/26/2012,17.31
11/27/2012,17.62
11/28/2012,17.2
11/29/2012,16.82
11/30/2012,17.27
12/03/2012,17.82
12/04/2012,18.19
12/05/2012,17.83
12/06/2012,17.84
12/07/2012,17.29
12/10/2012,17.35
12/11/2012,17.0
12/12/2012,17.43
12/13/2012,17.88
12/14/2012,18.03
12/17/2012,17.5
12/18/2012,16.81
12/19/2012,17.86
12/20/2012,18.14
12/21/2012,18.87
12/24/2012,18.87
12/26/2012,19.93
12/27/2012,19.92
12/28/2012,21.88
12/31/2012,18.73
01/02/2013,16.69
01/03/2013,16.74
01/04/2013,16.34
01/07/2013,16.45
01/08/2013,16.45
01/09/2013,16.5
01/10/2013,16.12
01/11/2013,16.01
01/14/2013,16.29
01/15/2013,16.33
01/16/2013,16.24
01/17/2013,16.08
01/18/2013,15.29
01/22/2013,14.72
01/23/2013,14.5
01/24/2013,14.67
01/25/2013,14.66
01/28/2013,15.07
01/29/2013,14.74
01/30/2013,15.42
01/31/2013,15.55
02/01/2013,14.79
02/04/2013,15.79
02/05/2013,15.3
02/06/2013,15.14
02/07/2013,15.19
02/08/2013,14.8
02/11/2013,14.68
02/12/2013,14.53
02/13/2013,14.63
02/14/2013,14.43
02/15/2013,14.26
02/19/2013,13.99
02/20/2013,15.41
02/21/2013,15.71
02/22/2013,14.98
02/25/2013,17.94
02/26/2013,17.25
02/27/2013,15.66
02/28/2013,16.18
03/01/2013,16.29
03/04/2013,15.42
03/05/2013,14.95
03/06/2013,15.03
03/07/2013,14.74
03/08/2013,14.52
03/11/2013,14.3
03/12/2013,14.58
03/13/2013,14.51
03/14/2013,14.1
03/15/2013,14.26
03/18/2013,15.39
03/19/2013,15.71
03/20/2013,14.93
03/21/2013,15.53
03/22/2013,15.26
03/25/2013,15.3
03/26/2013,14.75
03/27/2013,14.93
03/28/2013,14.64
04/01/2013,15.28
04/02/2013,14.71
04/03/2013,15.49
04/04/2013,15.3
04/05/2013,15.38
04/08/2013,14.71
04/09/2013,14.46
04/10/2013,14.12
04/11/2013,14.17
04/12/2013,14.02
04/15/2013,17.03
04/16/2013,15.1
04/17/2013,16.93
04/18/2013,17.52
04/19/2013,16.17
04/22/2013,15.66
04/23/2013,14.83
04/24/2013,14.97
04/25/2013,14.96
04/26/2013,14.89
04/29/2013,14.92
04/30/2013,14.78
05/01/2013,15.61
05/02/2013,14.87
05/03/2013,14.45
05/06/2013,14.31
05/07/2013,14.35
05/08/2013,14.4
05/09/2013,14.81
05/10/2013,14.71
05/13/2013,15.05
05/14/2013,14.98
05/15/2013,15.05
05/16/2013,15.45
05/17/2013,15.17
05/20/2013,15.31
05/21/2013,15.78
05/22/2013,15.82
05/23/2013,16.0
05/24/2013,15.92
05/28/2013,15.87
05/29/2013,16.15
05/30/2013,16.01
05/31/2013,17.13
06/03/2013,17.22
06/04/2013,17.26
06/05/2013,18.0
06/06/2013,17.55
06/07/2013,16.72
06/10/2013,16.73
06/11/2013,17.91
06/12/2013,19.07
06/13/2013,17.83
06/14/2013,18.3
06/17/2013,17.99
06/18/2013,17.75
06/19/2013,17.78
06/20/2013,20.34
06/21/2013,19.49
06/24/2013,20.73
06/25/2013,19.67
06/26/2013,18.82
06/27/2013,18.56
06/28/2013,18.39
07/01/2013,17.92
07/02/2013,18.02
07/03/2013,17.81
07/05/2013,16.88
07/08/2013,16.41
07/09/2013,15.91
07/10/2013,15.77
07/11/2013,15.5
07/12/2013,15.65
07/15/2013,15.62
07/16/2013,16.01
07/17/2013,15.56
07/18/2013,15.56
07/19/2013,15.04
07/22/2013,14.69
07/23/2013,14.88
07/24/2013,15.19
07/25/2013,15.0
07/26/2013,14.8
07/29/2013,15.11
07/30/2013,14.98
07/31/2013,14.92
08/01/2013,14.55
08/02/2013,14.03
08/05/2013,13.86
08/06/2013,14.56
08/07/2013,14.81
08/08/2013,14.67
08/09/2013,15.1
08/12/2013,15.17
08/13/2013,14.86
08/14/2013,15.24
08/15/2013,16.24
08/16/2013,15.94
08/19/2013,16.4
08/20/2013,16.31
08/21/2013,16.79
08/22/2013,15.99
08/23/2013,15.55
08/26/2013,16.21
08/27/2013,17.68
08/28/2013,17.62
08/29/2013,17.9
08/30/2013,18.05
09/03/2013,17.64
09/04/2013,17.3
09/05/2013,17.14
09/06/2013,17.17
09/09/2013,16.83
09/10/2013,16.11
09/11/2013,15.61
09/12/2013,15.85
09/13/2013,15.7
09/16/2013,15.58
09/17/2013,15.66
09/18/2013,15.18
09/19/2013,15.02
09/20/2013,15.32
09/23/2013,15.92
09/24/2013,15.64
09/25/2013,15.56
09/26/2013,15.41
09/27/2013,16.04
09/30/2013,16.8
10/01/2013,16.13
10/02/2013,16.81
10/03/2013,17.7
10/04/2013,17.21
10/07/2013,19.07
10/08/2013,19.84
10/09/2013,19.29
10/10/2013,17.21
10/11/2013,16.57
10/14/2013,16.92
10/15/2013,18.41
10/16/2013,16.26
10/17/2013,15.44
10/18/2013,14.92
10/21/2013,15.14
10/22/2013,15.02
10/23/2013,15.11
10/24/2013,14.9
10/25/2013,14.87
10/28/2013,14.87
10/29/2013,15.03
10/30/2013,15.13
10/31/2013,15.25
11/01/2013,15.06
11/04/2013,14.68
11/05/2013,14.92
11/06/2013,14.66
11/07/2013,15.36
11/08/2013,14.63
11/11/2013,14.73
11/12/2013,14.88
11/13/2013,14.83
11/14/2013,14.88
11/15/2013,14.8
11/18/2013,14.93
11/19/2013,15.25
11/20/2013,14.99
11/21/2013,14.52
11/22/2013,14.15
11/25/2013,14.43
11/26/2013,14.55
11/27/2013,14.6
11/29/2013,15.03
12/02/2013,15.19
12/03/2013,15.49
12/04/2013,15.57
12/05/2013,15.78
12/06/2013,14.95
12/09/2013,14.93
12/10/2013,15.22
12/11/2013,15.99
12/12/2013,16.12
12/13/2013,16.27
12/16/2013,16.39
12/17/2013,16.5
12/18/2013,14.99
12/19/2013,15.28
12/20/2013,15.01
12/23/2013,14.52
12/24/2013,14.24
12/26/2013,14.03
12/27/2013,13.98
12/30/2013,14.77
12/31/2013,14.77
01/02/2014,15.26
01/03/2014,15.09
01/06/2014,14.82
01/07/2014,14.41
01/08/2014,14.29
01/09/2014,14.29
01/10/2014,13.94
01/13/2014,14.98
01/14/2014,14.49
01/15/2014,14.46
01/16/2014,14.69
01/17/2014,14.63
01/21/2014,14.62
01/22/2014,14.47
01/23/2014,14.98
01/24/2014,17.4
01/27/2014,17.13
01/28/2014,16.2
01/29/2014,17.24
01/30/2014,17.37
01/31/2014,18.09
02/03/2014,20.14
02/04/2014,19.08
02/05/2014,19.67
02/06/2014,17.79
02/07/2014,16.34
02/10/2014,16.32
02/11/2014,15.75
02/12/2014,15.65
02/13/2014,15.5
02/14/2014,15.17
02/18/2014,15.22
02/19/2014,16.29
02/20/2014,15.72
02/21/2014,15.64
02/24/2014,15.5
02/25/2014,15.5
02/26/2014,15.91
02/27/2014,15.63
02/28/2014,15.8
03/03/2014,16.92
03/04/2014,15.69
03/05/2014,15.77
03/06/2014,15.83
03/07/2014,15.87
03/10/2014,15.97
03/11/2014,16.35
03/12/2014,16.08
03/13/2014,17.13
03/14/2014,17.93
03/17/2014,16.69
03/18/2014,16.15
03/19/2014,16.38
03/20/2014,15.86
03/21/2014,16.18
03/24/2014,16.1
03/25/2014,15.53
03/26/2014,16.08
03/27/2014,15.87
03/28/2014,15.46
03/31/2014,15.08
04/01/2014,14.4
04/02/2014,14.45
04/03/2014,14.5
04/04/2014,14.96
04/07/2014,15.9
04/08/2014,15.53
04/09/2014,14.83
04/10/2014,16.07
04/11/2014,16.79
04/14/2014,16.34
04/15/2014,15.99
04/16/2014,15.23
04/17/2014,14.84
04/21/2014,14.75
04/22/2014,14.61
04/23/2014,14.83
04/24/2014,14.77
04/25/2014,15.18
04/28/2014,14.93
04/29/2014,14.83
04/30/2014,14.7
05/01/2014,14.67
05/02/2014,14.68
05/05/2014,14.75
05/06/2014,15.12
05/07/2014,14.62
05/08/2014,14.58
05/09/2014,14.38
05/12/2014,13.88
05/13/2014,14.04
05/14/2014,14.18
05/15/2014,14.86
05/16/2014,14.33
05/19/2014,14.11
05/20/2014,14.41
05/21/2014,13.87
05/22/2014,13.83
05/23/2014,13.62
05/27/2014,13.64
05/28/2014,13.77
05/29/2014,13.71
05/30/2014,13.75
06/02/2014,13.88
06/03/2014,13.82
06/04/2014,13.77
06/05/2014,13.58
06/06/2014,12.83
06/09/2014,13.02
06/10/2014,13.01
06/11/2014,13.29
06/12/2014,14.11
06/13/2014,13.79
06/16/2014,13.97
06/17/2014,13.66
06/18/2014,12.62
06/19/2014,12.7
06/20/2014,12.87
06/23/2014,12.92
06/24/2014,13.38
06/25/2014,13.11
06/26/2014,13.07
06/27/2014,12.82
06/30/2014,13.01
07/01/2014,12.74
07/02/2014,12.49
07/03/2014,12.24
07/07/2014,12.87
07/08/2014,13.21
07/09/2014,12.99
07/10/2014,13.65
07/11/2014,13.28
07/14/2014,12.93
07/15/2014,13.16
07/16/2014,12.63
07/17/2014,14.97
07/18/2014,13.36
07/21/2014,13.8
07/22/2014,13.5
07/23/2014,13.38
07/24/2014,13.45
07/25/2014,14.0
07/28/2014,13.92
07/29/2014,14.22
07/30/2014,14.26
07/31/2014,16.38
08/01/2014,16.78
08/04/2014,15.81
08/05/2014,17.14
08/06/2014,16.93
08/07/2014,17.22
08/08/2014,16.69
08/11/2014,15.76
08/12/2014,15.7
08/13/2014,14.85
08/14/2014,14.43
08/15/2014,14.42
08/18/2014,13.91
08/19/2014,13.79
08/20/2014,13.76
08/21/2014,13.53
08/22/2014,13.51
08/25/2014,13.57
08/26/2014,13.71
08/27/2014,13.92
08/28/2014,14.13
08/29/2014,14.27
09/02/2014,14.46
09/03/2014,14.39
09/04/2014,14.54
09/05/2014,14.08
09/08/2014,14.39
09/09/2014,14.84
09/10/2014,14.63
09/11/2014,14.68
09/12/2014,15.04
09/15/2014,15.58
09/16/2014,14.85
09/17/2014,14.62
09/18/2014,14.23
09/19/2014,14.38
09/22/2014,15.26
09/23/2014,16.07
09/24/2014,15.22
09/25/2014,16.59
09/26/2014,16.02
09/29/2014,16.82
09/30/2014,17.08
10/01/2014,17.62
10/02/2014,17.24
10/03/2014,16.04
10/06/2014,16.55
10/07/2014,17.68
10/08/2014,16.28
10/09/2014,18.09
10/10/2014,19.93
10/13/2014,22.12
10/14/2014,21.37
10/15/2014,23.82
10/16/2014,22.85
10/17/2014,21.25
10/20/2014,19.67
10/21/2014,17.87
10/22/2014,19.06
10/23/2014,18.22
10/24/2014,17.92
10/27/2014,17.86
10/28/2014,16.46
10/29/2014,16.89
10/30/2014,16.74
10/31/2014,16.51
11/03/2014,16.81
11/04/2014,16.93
11/05/2014,16.57
11/06/2014,16.26
11/07/2014,15.83
11/10/2014,15.04
11/11/2014,15.36
11/12/2014,15.74
11/13/2014,15.89
11/14/2014,15.96
11/17/2014,15.93
11/18/2014,15.7
11/19/2014,15.97
11/20/2014,16.01
11/21/2014,15.79
11/24/2014,15.55
11/25/2014,15.41
11/26/2014,15.32
11/28/2014,15.93
12/01/2014,16.74
12/02/2014,15.96
12/03/2014,15.55
12/04/2014,15.64
12/05/2014,15.55
12/08/2014,16.78
12/09/2014,16.89
12/10/2014,19.14
12/11/2014,20.72
12/12/2014,21.0
12/15/2014,21.06
12/16/2014,23.09
12/17/2014,20.43
12/18/2014,18.48
12/19/2014,18.47
12/22/2014,17.59
12/23/2014,17.94
12/24/2014,17.26
12/26/2014,17.16
12/29/2014,17.27
12/30/2014,18.02
12/31/2014,19.74
01/02/2015,19.46
01/05/2015,20.79
01/06/2015,21.42
01/07/2015,20.08
01/08/2015,18.66
01/09/2015,19.32
01/12/2015,20.48
01/13/2015,21.27
01/14/2015,20.93
01/15/2015,22.11
01/16/2015,21.15
01/20/2015,20.87
01/21/2015,20.04
01/22/2015,18.6
01/23/2015,19.0
01/26/2015,18.03
01/27/2015,19.11
01/28/2015,21.44
01/29/2015,20.0
01/30/2015,21.82
02/02/2015,20.91
02/03/2015,19.49
02/04/2015,20.43
02/05/2015,19.27
02/06/2015,19.88
02/09/2015,20.67
02/10/2015,19.73
02/11/2015,19.71
02/12/2015,18.34
02/13/2015,18.13
02/17/2015,18.38
02/18/2015,18.66
02/19/2015,18.01
02/20/2015,17.29
02/23/2015,17.54
02/24/2015,16.71
02/25/2015,16.87
02/26/2015,16.85
02/27/2015,16.89
03/02/2015,16.46
03/03/2015,16.78
03/04/2015,16.91
03/05/2015,16.64
03/06/2015,17.51
03/09/2015,17.31
03/10/2015,18.26
03/11/2015,18.53
03/12/2015,17.39
03/13/2015,17.89
03/16/2015,17.4
03/17/2015,17.48
03/18/2015,16.43
03/19/2015,16.97
03/20/2015,16.71
03/23/2015,16.53
03/24/2015,16.59
03/25/2015,17.57
03/26/2015,17.57
03/27/2015,17.39
03/30/2015,16.92
03/31/2015,17.54
04/01/2015,17.34
04/02/2015,17.22
04/06/2015,16.82
04/07/2015,16.8
04/08/2015,16.4
04/09/2015,16.02
04/10/2015,15.46
04/13/2015,16.32
04/14/2015,15.85
04/15/2015,15.69
04/16/2015,15.33
04/17/2015,16.14
04/20/2015,15.58
04/21/2015,15.52
04/22/2015,15.46
04/23/2015,15.17
04/24/2015,15.26
04/27/2015,15.93
04/28/2015,15.31
04/29/2015,15.97
04/30/2015,16.48
05/01/2015,15.38
05/04/2015,15.43
05/05/2015,16.32
05/06/2015,16.72
05/07/2015,16.74
05/08/2015,15.56
05/11/2015,16.1
05/12/2015,16.4
05/13/2015,16.29
05/14/2015,15.91
05/15/2015,15.57
05/18/2015,15.23
05/19/2015,15.28
05/20/2015,15.15
05/21/2015,14.61
05/22/2015,14.48
05/26/2015,15.48
05/27/2015,14.99
05/28/2015,15.01
05/29/2015,15.38
06/01/2015,15.41
06/02/2015,15.71
06/03/2015,15.36
06/04/2015,16.28
06/05/2015,15.96
06/08/2015,16.6
06/09/2015,16.25
06/10/2015,15.33
06/11/2015,15.1
06/12/2015,15.61
06/15/2015,16.62
06/16/2015,16.2
06/17/2015,16.22
06/18/2015,15.44
06/19/2015,15.91
06/22/2015,14.99
06/23/2015,14.54
06/24/2015,15.18
06/25/2015,15.52
06/26/2015,15.46
06/29/2015,18.72
06/30/2015,18.47
07/01/2015,16.79
07/02/2015,17.68
07/06/2015,18.04
07/07/2015,17.02
07/08/2015,19.25
07/09/2015,19.78
07/10/2015,17.73
07/13/2015,15.94
07/14/2015,15.46
07/15/2015,15.6
07/16/2015,14.73
07/17/2015,14.61
07/20/2015,14.85
07/21/2015,14.75
07/22/2015,14.81
07/23/2015,14.93
07/24/2015,15.65
07/27/2015,16.78
07/28/2015,15.43
07/29/2015,14.92
07/30/2015,14.71
07/31/2015,14.9
08/03/2015,14.84
08/04/2015,15.13
08/05/2015,14.88
08/06/2015,15.55
08/07/2015,15.42
08/10/2015,14.99
08/11/2015,15.94
08/12/2015,15.87
08/13/2015,15.75
08/14/2015,15.51
08/17/2015,15.21
08/18/2015,15.61
08/19/2015,16.5
08/20/2015,18.83
08/21/2015,23.47
08/24/2015,31.14
08/25/2015,29.58
08/26/2015,25.65
08/27/2015,24.86
08/28/2015,25.34
08/31/2015,26.53
09/01/2015,29.53
09/02/2015,26.19
09/03/2015,26.2
09/04/2015,28.07
09/08/2015,25.69
09/09/2015,26.31
09/10/2015,25.65
09/11/2015,24.68
09/14/2015,23.7
09/15/2015,23.12
09/16/2015,22.33
09/17/2015,21.14
09/18/2015,23.2
09/21/2015,21.59
09/22/2015,23.28
09/23/2015,22.88
09/24/2015,23.46
09/25/2015,24.4
09/28/2015,26.38
09/29/2015,26.0
09/30/2015,24.75
10/01/2015,23.83
10/02/2015,22.6
10/05/2015,21.33
10/06/2015,21.59
10/07/2015,20.71
10/08/2015,20.09
10/09/2015,19.85
10/12/2015,19.26
10/13/2015,20.5
10/14/2015,20.81
10/15/2015,19.43
10/16/2015,18.67
10/19/2015,17.86
10/20/2015,18.6
10/21/2015,19.46
10/22/2015,17.16
10/23/2015,17.48
10/26/2015,17.99
10/27/2015,18.14
10/28/2015,17.49
10/29/2015,17.81
10/30/2015,18.4
11/02/2015,17.42
11/03/2015,17.47
11/04/2015,18.31
11/05/2015,17.81
11/06/2015,17.45
11/09/2015,18.85
11/10/2015,18.02
11/11/2015,18.45
11/12/2015,20.17
11/13/2015,21.58
11/16/2015,19.98
11/17/2015,20.43
11/18/2015,19.22
11/19/2015,19.64
11/20/2015,18.94
11/23/2015,18.63
11/24/2015,18.71
11/25/2015,18.19
11/27/2015,17.35
11/30/2015,18.49
12/01/2015,17.58
12/02/2015,18.33
12/03/2015,20.11
12/04/2015,18.17
12/07/2015,18.65
12/08/2015,20.06
12/09/2015,21.05
12/10/2015,20.76
12/11/2015,24.38
12/14/2015,23.3
12/15/2015,21.86
12/16/2015,19.57
12/17/2015,20.37
12/18/2015,21.26
12/21/2015,21.11
12/22/2015,19.84
12/23/2015,19.33
12/24/2015,19.69
12/28/2015,19.68
12/29/2015,19.1
12/30/2015,19.59
12/31/2015,19.8
01/04/2016,22.01
01/05/2016,20.52
01/06/2016,21.27
01/07/2016,24.62
01/08/2016,26.23
01/11/2016,24.73
01/12/2016,22.53
01/13/2016,24.89
01/14/2016,23.53
01/15/2016,26.88
01/19/2016,26.44
01/20/2016,27.81
01/21/2016,26.71
01/22/2016,24.28
01/25/2016,25.25
01/26/2016,23.29
01/27/2016,24.47
01/28/2016,24.02
01/29/2016,22.66
02/01/2016,22.01
02/02/2016,23.41
02/03/2016,23.2
02/04/2016,23.66
02/05/2016,24.48
02/08/2016,25.98
02/09/2016,26.8
02/10/2016,26.72
02/11/2016,27.72
02/12/2016,26.23
02/16/2016,25.01
02/17/2016,23.55
02/18/2016,23.2
02/19/2016,22.8
02/22/2016,21.62
02/23/2016,22.44
02/24/2016,22.34
02/25/2016,21.24
02/26/2016,21.86
02/29/2016,22.39
03/01/2016,20.28
03/02/2016,19.92
03/03/2016,19.49
03/04/2016,19.63
03/07/2016,19.9
03/08/2016,21.04
03/09/2016,20.75
03/10/2016,20.71
03/11/2016,19.47
03/14/2016,19.42
03/15/2016,19.33
03/16/2016,18.48
03/17/2016,18.14
03/18/2016,17.93
03/21/2016,17.59
03/22/2016,17.75
03/23/2016,18.3
03/24/2016,18.27
03/28/2016,18.3
03/29/2016,17.24
03/30/2016,16.92
03/31/2016,17.08
04/01/2016,16.5
04/04/2016,17.23
04/05/2016,18.38
04/06/2016,17.28
04/07/2016,18.86
04/08/2016,18.32
04/11/2016,18.89
04/12/2016,17.97
04/13/2016,17.26
04/14/2016,17.24
04/15/2016,17.16
04/18/2016,16.51
04/19/2016,16.47
04/20/2016,16.6
04/21/2016,17.14
04/22/2016,16.64
04/25/2016,17.22
04/26/2016,16.92
04/27/2016,16.77
04/28/2016,17.78
04/29/2016,18.45
05/02/2016,17.78
05/03/2016,18.57
05/04/2016,18.91
05/05/2016,18.92
05/06/2016,18.27
05/09/2016,18.05
05/10/2016,17.18
05/11/2016,18.02
05/12/2016,17.75
05/13/2016,18.25
05/16/2016,17.7
05/17/2016,18.43
05/18/2016,18.54
05/19/2016,18.77
05/20/2016,18.05
05/23/2016,18.15
05/24/2016,17.08
05/25/2016,16.77
05/26/2016,16.56
05/27/2016,16.31
05/31/2016,16.63
06/01/2016,16.7
06/02/2016,16.37
06/03/2016,16.49
06/06/2016,16.44
06/07/2016,16.63
06/08/2016,16.79
06/09/2016,17.32
06/10/2016,18.94
06/13/2016,21.87
06/14/2016,21.94
06/15/2016,21.81
06/16/2016,21.16
06/17/2016,21.31
06/20/2016,19.81
06/21/2016,19.69
06/22/2016,21.08
06/23/2016,18.42
06/24/2016,23.93
06/27/2016,23.68
06/28/2016,20.26
06/29/2016,18.73
06/30/2016,18.09
07/01/2016,17.65
07/05/2016,18.24
07/06/2016,17.74
07/07/2016,17.76
07/08/2016,16.49
07/11/2016,16.49
07/12/2016,16.17
07/13/2016,15.97
07/14/2016,15.86
07/15/2016,15.99
07/18/2016,15.77
07/19/2016,15.74
07/20/2016,15.44
07/21/2016,16.1
07/22/2016,15.8
07/25/2016,16.27
07/26/2016,16.32
07/27/2016,16.1
07/28/2016,16.0
07/29/2016,15.42
08/01/2016,15.7
08/02/2016,16.39
08/03/2016,16.08
08/04/2016,15.71
08/05/2016,15.14
08/08/2016,15.16
08/09/2016,15.11
08/10/2016,15.41
08/11/2016,15.3
08/12/2016,15.26
08/15/2016,15.38
08/16/2016,16.02
08/17/2016,15.52
08/18/2016,15.16
08/19/2016,15.13
08/22/2016,15.5
08/23/2016,15.42
08/24/2016,16.0
08/25/2016,16.13
08/26/2016,16.24
08/29/2016,15.93
08/30/2016,16.03
08/31/2016,16.14
09/01/2016,16.31
09/02/2016,15.65
09/06/2016,15.56
09/07/2016,15.49
09/08/2016,15.81
09/09/2016,18.83
09/12/2016,17.27
09/13/2016,19.05
09/14/2016,19.35
09/15/2016,18.19
09/16/2016,17.88
09/19/2016,17.78
09/20/2016,17.99
09/21/2016,16.66
09/22/2016,15.94
09/23/2016,16.05
09/26/2016,17.28
09/27/2016,16.45
09/28/2016,16.01
09/29/2016,16.87
09/30/2016,16.37
10/03/2016,16.4
10/04/2016,16.47
10/05/2016,16.22
10/06/2016,16.07
10/07/2016,16.44
10/10/2016,15.95
10/11/2016,16.94
10/12/2016,17.02
10/13/2016,17.59
10/14/2016,17.42
10/17/2016,17.47
10/18/2016,16.92
10/19/2016,16.46
10/20/2016,16.23
10/21/2016,16.04
10/24/2016,15.61
10/25/2016,15.81
10/26/2016,16.25
10/27/2016,16.93
10/28/2016,17.37
10/31/2016,17.85
11/01/2016,18.74
11/02/2016,19.18
11/03/2016,20.7
11/04/2016,21.13
11/07/2016,18.15
11/08/2016,18.1
11/09/2016,16.28
11/10/2016,16.75
11/11/2016,16.49
11/14/2016,16.7
11/15/2016,15.75
11/16/2016,16.07
11/17/2016,15.64
11/18/2016,15.52
11/21/2016,15.32
11/22/2016,15.35
11/23/2016,15.43
11/25/2016,15.51
11/28/2016,16.02
11/29/2016,15.9
11/30/2016,16.1
12/01/2016,16.67
12/02/2016,16.78
12/05/2016,15.77
12/06/2016,15.48
12/07/2016,15.48
12/08/2016,15.72
12/09/2016,15.22
12/12/2016,15.73
12/13/2016,15.7
12/14/2016,15.87
12/15/2016,15.75
12/16/2016,15.57
12/19/2016,15.31
12/20/2016,15.14
12/21/2016,15.09
12/22/2016,15.29
12/23/2016,15.25
12/27/2016,15.36
12/28/2016,15.93
12/29/2016,16.16
12/30/2016,16.54
01/03/2017,15.56
01/04/2017,14.84
01/05/2017,14.7
01/06/2017,14.56
01/09/2017,14.63
01/10/2017,14.66
01/11/2017,14.47
01/12/2017,14.58
01/13/2017,14.54
01/17/2017,14.89
01/18/2017,14.94
01/19/2017,15.02
01/20/2017,14.49
01/23/2017,14.54
01/24/2017,13.87
01/25/2017,13.61
01/26/2017,13.63
01/27/2017,13.68
01/30/2017,14.41
01/31/2017,14.48
02/01/2017,14.29
02/02/2017,14.59
02/03/2017,14.05
02/06/2017,14.24
02/07/2017,14.35
02/08/2017,14.56
02/09/2017,14.17
02/10/2017,13.91
02/13/2017,13.68
02/14/2017,13.19
02/15/2017,13.41
02/16/2017,13.63
02/17/2017,13.72
02/21/2017,14.04
02/22/2017,14.39
02/23/2017,14.74
02/24/2017,14.76
02/27/2017,14.91
02/28/2017,15.28
03/01/2017,14.86
03/02/2017,14.77
03/03/2017,14.26
03/06/2017,14.34
03/07/2017,14.41
03/08/2017,14.54
03/09/2017,14.78
03/10/2017,14.38
03/13/2017,14.36
03/14/2017,14.63
03/15/2017,14.2
03/16/2017,13.78
03/17/2017,13.92
03/20/2017,13.9
03/21/2017,14.62
03/22/2017,14.68
03/23/2017,14.91
03/24/2017,14.55
03/27/2017,14.23
03/28/2017,13.68
03/29/2017,13.43
03/30/2017,13.37
03/31/2017,13.6
04/03/2017,13.67
04/04/2017,13.37
04/05/2017,14.12
04/06/2017,13.66
04/07/2017,14.06
04/10/2017,14.58
04/11/2017,15.16
04/12/2017,15.28
04/13/2017,15.75
04/17/2017,14.86
04/18/2017,14.76
04/19/2017,15.08
04/20/2017,14.53
04/21/2017,14.75
04/24/2017,12.9
04/25/2017,12.85
04/26/2017,12.98
04/27/2017,12.8
04/28/2017,12.93
05/01/2017,12.63
05/02/2017,12.83
05/03/2017,13.09
05/04/2017,12.83
05/05/2017,12.85
05/08/2017,12.59
05/09/2017,12.71
05/10/2017,12.91
05/11/2017,13.01
05/12/2017,12.97
05/15/2017,12.78
05/16/2017,12.65
05/17/2017,15.6
05/18/2017,14.97
05/19/2017,13.49
05/22/2017,12.96
05/23/2017,12.9
05/24/2017,12.59
05/25/2017,12.51
05/26/2017,12.44
05/30/2017,12.74
05/31/2017,12.63
06/01/2017,12.42
06/02/2017,12.46
06/05/2017,12.85
06/06/2017,13.08
06/07/2017,13.09
06/08/2017,12.76
06/09/2017,12.96
06/12/2017,13.3
06/13/2017,12.73
06/14/2017,12.77
06/15/2017,12.91
06/16/2017,12.71
06/19/2017,12.4
06/20/2017,12.69
06/21/2017,12.76
06/22/2017,12.62
06/23/2017,12.36
06/26/2017,12.27
06/27/2017,12.96
06/28/2017,12.4
06/29/2017,13.15
06/30/2017,13.14
07/03/2017,13.31
07/05/2017,13.31
07/06/2017,14.11
07/07/2017,13.52
07/10/2017,13.35
07/11/2017,13.16
07/12/2017,12.78
07/13/2017,12.55
07/14/2017,12.23
07/17/2017,12.28
07/18/2017,12.25
07/19/2017,12.0
07/20/2017,12.04
07/21/2017,12.06
07/24/2017,12.04
07/25/2017,12.05
07/26/2017,12.11
07/27/2017,12.42
07/28/2017,12.58
07/31/2017,12.47
08/01/2017,12.4
08/02/2017,12.56
08/03/2017,12.74
08/04/2017,12.75
08/07/2017,12.66
08/08/2017,13.2
08/09/2017,13.49
08/10/2017,16.21
08/11/2017,16.39
08/14/2017,13.92
08/15/2017,13.9
08/16/2017,13.58
08/17/2017,16.14
08/18/2017,15.65
08/21/2017,14.99
08/22/2017,13.63
08/23/2017,14.33
08/24/2017,14.39
08/25/2017,13.99
08/28/2017,13.99
08/29/2017,14.12
08/30/2017,14.14
08/31/2017,13.8
09/01/2017,13.59
09/05/2017,14.58
09/06/2017,14.4
09/07/2017,14.32
09/08/2017,14.69
09/11/2017,13.86
09/12/2017,13.56
09/13/2017,13.23
09/14/2017,13.16
09/15/2017,12.96
09/18/2017,12.69
09/19/2017,12.73
09/20/2017,12.66
09/21/2017,12.66
09/22/2017,12.85
09/25/2017,13.06
09/26/2017,13.02
09/27/2017,12.91
09/28/2017,12.76
09/29/2017,12.49
10/02/2017,12.36
10/03/2017,12.31
10/04/2017,12.38
10/05/2017,12.18
10/06/2017,12.44
10/09/2017,12.73
10/10/2017,12.47
10/11/2017,12.24
10/12/2017,12.26
10/13/2017,11.98
10/16/2017,11.94
10/17/2017,12.05
10/18/2017,11.92
10/19/2017,11.96
10/20/2017,11.85
10/23/2017,12.55
10/24/2017,12.67
10/25/2017,12.95
10/26/2017,12.93
10/27/2017,12.23
10/30/2017,12.57
10/31/2017,12.38
11/01/2017,12.57
11/02/2017,12.68
11/03/2017,12.42
11/06/2017,12.57
11/07/2017,12.76
11/08/2017,12.88
11/09/2017,13.14
11/10/2017,13.61
11/13/2017,13.75
11/14/2017,13.93
11/15/2017,14.66
11/16/2017,13.96
11/17/2017,13.8
11/20/2017,13.28
11/21/2017,12.55
11/22/2017,12.44
11/24/2017,12.42
11/27/2017,12.57
11/28/2017,12.27
11/29/2017,12.82
11/30/2017,13.04
12/01/2017,13.28
12/04/2017,13.55
12/05/2017,13.54
12/06/2017,13.45
12/07/2017,12.93
12/08/2017,12.46
12/11/2017,12.28
12/12/2017,12.48
12/13/2017,12.5
12/14/2017,12.8
12/15/2017,12.08
12/18/2017,12.07
12/19/2017,12.51
12/20/2017,12.37
12/21/2017,12.35
12/22/2017,12.49
12/26/2017,12.62
12/27/2017,12.65
12/28/2017,12.76
12/29/2017,13.09
01/02/2018,12.61
01/03/2018,12.32
01/04/2018,12.24
01/05/2018,12.06
01/08/2018,12.15
01/09/2018,12.41
01/10/2018,12.36
01/11/2018,12.16
01/12/2018,12.2
01/16/2018,13.23
01/17/2018,13.25
01/18/2018,13.58
01/19/2018,13.04
01/22/2018,12.99
01/23/2018,13.22
01/24/2018,13.53
01/25/2018,13.68
01/26/2018,13.46
01/29/2018,14.99
01/30/2018,15.83
01/31/2018,14.9
02/01/2018,14.72
02/02/2018,17.03
02/05/2018,28.13
02/06/2018,23.75
02/07/2018,23.03
02/08/2018,27.33
02/09/2018,24.92
02/12/2018,22.86
02/13/2018,22.65
02/14/2018,19.34
02/15/2018,19.08
02/16/2018,19.17
02/20/2018,20.01
02/21/2018,20.03
02/22/2018,19.06
02/23/2018,17.5
02/26/2018,16.92
02/27/2018,19.02
02/28/2018,19.89
03/01/2018,21.42
03/02/2018,19.86
03/05/2018,19.21
03/06/2018,19.24
03/07/2018,18.84
03/08/2018,18.18
03/09/2018,17.01
03/12/2018,17.8
03/13/2018,18.05
03/14/2018,18.78
03/15/2018,18.21
03/16/2018,17.74
03/19/2018,19.38
03/20/2018,18.88
03/21/2018,18.71
03/22/2018,21.66
03/23/2018,22.79
03/26/2018,20.7
03/27/2018,21.94
03/28/2018,22.31
03/29/2018,20.55
04/02/2018,22.57
04/03/2018,21.02
04/04/2018,20.42
04/05/2018,19.61
04/06/2018,21.2
04/09/2018,21.23
04/10/2018,20.4
04/11/2018,20.37
04/12/2018,19.28
04/13/2018,18.55
04/16/2018,17.82
04/17/2018,16.8
04/18/2018,16.8
04/19/2018,17.12
04/20/2018,17.72
04/23/2018,17.35
04/24/2018,18.23
04/25/2018,18.23
04/26/2018,17.29
04/27/2018,17.08
04/30/2018,17.34
05/01/2018,16.91
05/02/2018,17.26
05/03/2018,17.03
05/04/2018,16.65
05/07/2018,16.65
05/08/2018,16.48
05/09/2018,15.78
05/10/2018,15.24
05/11/2018,14.82
05/14/2018,14.53
05/15/2018,15.79
05/16/2018,15.14
05/17/2018,15.02
05/18/2018,15.19
05/21/2018,14.69
05/22/2018,14.88
05/23/2018,14.48
05/24/2018,14.43
05/25/2018,14.83
05/29/2018,17.13
05/30/2018,16.0
05/31/2018,16.33
06/01/2018,15.27
06/04/2018,14.9
06/05/2018,14.72
06/06/2018,14.19
06/07/2018,14.43
06/08/2018,14.6
06/11/2018,14.55
06/12/2018,14.59
06/13/2018,14.92
06/14/2018,14.4
06/15/2018,14.42
06/18/2018,14.48
06/19/2018,15.17
06/20/2018,14.79
06/21/2018,15.87
06/22/2018,15.5
06/25/2018,17.52
06/26/2018,16.87
06/27/2018,18.05
06/28/2018,17.52
06/29/2018,17.14
07/02/2018,16.95
07/03/2018,17.35
07/05/2018,16.53
07/06/2018,15.71
07/09/2018,14.87
07/10/2018,14.71
07/11/2018,15.38
07/12/2018,14.76
07/13/2018,14.54
07/16/2018,14.85
07/17/2018,14.4
07/18/2018,14.39
07/19/2018,14.97
07/20/2018,15.08
07/23/2018,14.86
07/24/2018,14.7
07/25/2018,14.55
07/26/2018,14.4
07/27/2018,15.0
07/30/2018,15.66
07/31/2018,14.87
08/01/2018,15.22
08/02/2018,14.76
08/03/2018,14.49
08/06/2018,14.23
08/07/2018,13.93
08/08/2018,13.96
08/09/2018,14.13
08/10/2018,15.22
08/13/2018,16.21
08/14/2018,15.35
08/15/2018,16.19
08/16/2018,15.51
08/17/2018,15.17
08/20/2018,15.0
08/21/2018,15.19
08/22/2018,15.08
08/23/2018,15.06
08/24/2018,14.82
08/27/2018,14.79
08/28/2018,15.11
08/29/2018,14.95
08/30/2018,15.54
08/31/2018,15.15
09/04/2018,15.45
09/05/2018,15.92
09/06/2018,16.34
09/07/2018,16.59
09/10/2018,16.17
09/11/2018,15.54
09/12/2018,15.32
09/13/2018,14.77
09/14/2018,14.37
09/17/2018,15.28
09/18/2018,15.04
09/19/2018,14.65
09/20/2018,14.51
09/21/2018,14.58
09/24/2018,14.77
09/25/2018,14.92
09/26/2018,15.15
09/27/2018,14.89
09/28/2018,14.77
10/01/2018,14.74
10/02/2018,14.84
10/03/2018,14.68
10/04/2018,15.84
10/05/2018,16.25
10/08/2018,16.51
10/09/2018,16.63
10/10/2018,20.7
10/11/2018,21.56
10/12/2018,19.84
10/15/2018,20.29
10/16/2018,17.96
10/17/2018,18.1
10/18/2018,19.86
10/19/2018,19.84
10/22/2018,19.82
10/23/2018,20.28
10/24/2018,22.62
10/25/2018,22.44
10/26/2018,22.48
10/29/2018,23.06
10/30/2018,22.23
10/31/2018,21.15
11/01/2018,20.07
11/02/2018,20.3
11/05/2018,20.2
11/06/2018,19.58
11/07/2018,17.62
11/08/2018,17.68
11/09/2018,18.46
11/12/2018,20.23
11/13/2018,20.27
11/14/2018,21.22
11/15/2018,20.31
11/16/2018,19.35
11/19/2018,20.64
11/20/2018,22.27
11/21/2018,21.32
11/23/2018,21.75
11/26/2018,20.11
11/27/2018,19.94
11/28/2018,19.28
11/29/2018,19.59
11/30/2018,18.89
12/03/2018,17.95
12/04/2018,20.75
12/06/2018,21.06
12/07/2018,22.44
12/10/2018,22.01
12/11/2018,21.72
12/12/2018,21.59
12/13/2018,21.35
12/14/2018,21.96
12/17/2018,23.41
12/18/2018,23.9
12/19/2018,24.02
12/20/2018,25.24
12/21/2018,26.23
12/24/2018,28.84
12/26/2018,25.69
12/27/2018,25.89
12/28/2018,25.32
12/31/2018,23.73
01/02/2019,22.75
01/03/2019,24.11
01/04/2019,21.86
01/07/2019,21.62
01/08/2019,21.14
01/09/2019,20.69
01/10/2019,20.52
01/11/2019,19.74
01/14/2019,19.93
01/15/2019,19.24
01/16/2019,19.53
01/17/2019,19.17
01/18/2019,18.84
01/22/2019,20.69
01/23/2019,20.08
01/24/2019,19.67
01/25/2019,18.82
01/28/2019,19.58
01/29/2019,19.6
01/30/2019,18.68
01/31/2019,17.88
02/01/2019,17.59
02/04/2019,17.19
02/05/2019,17.07
02/06/2019,16.9
02/07/2019,17.52
02/08/2019,17.26
02/11/2019,17.22
02/12/2019,16.82
02/13/2019,16.96
02/14/2019,17.32
02/15/2019,16.48
02/19/2019,16.45
02/20/2019,15.82
02/21/2019,16.16
02/22/2019,15.46
02/25/2019,16.0
02/26/2019,16.3
02/27/2019,15.99
02/28/2019,16.1
03/01/2019,15.38
03/04/2019,16.03
03/05/2019,16.15
03/06/2019,16.74
03/07/2019,17.3
03/08/2019,17.11
03/11/2019,16.01
03/12/2019,15.65
03/13/2019,15.33
03/14/2019,15.3
03/15/2019,14.98
03/18/2019,15.24
03/19/2019,15.56
03/20/2019,15.79
03/21/2019,15.51
03/22/2019,17.37
03/25/2019,17.45
03/26/2019,16.45
03/27/2019,16.78
03/28/2019,16.3
03/29/2019,15.8
04/01/2019,15.46
04/02/2019,15.54
04/03/2019,15.63
04/04/2019,15.48
04/05/2019,15.06
04/08/2019,15.28
04/09/2019,15.99
04/10/2019,15.38
04/11/2019,15.25
04/12/2019,14.46
04/15/2019,14.53
04/16/2019,14.47
04/17/2019,14.82
04/18/2019,14.57
04/22/2019,14.72
04/23/2019,14.54
04/24/2019,15.04
04/25/2019,15.21
04/26/2019,14.89
04/29/2019,15.23
04/30/2019,15.23
05/01/2019,16.19
05/02/2019,16.03
05/03/2019,15.07
05/06/2019,16.4
05/07/2019,18.78
05/08/2019,18.75
05/09/2019,18.44
05/10/2019,16.9
05/13/2019,19.79
05/14/2019,18.29
05/15/2019,17.49
05/16/2019,16.74
05/17/2019,17.06
05/20/2019,17.29
05/21/2019,16.42
05/22/2019,16.42
05/23/2019,17.69
05/24/2019,17.09
05/28/2019,17.9
05/29/2019,18.24
05/30/2019,17.96
05/31/2019,18.83
06/03/2019,18.77
06/04/2019,17.59
06/05/2019,17.13
06/06/2019,16.92
06/07/2019,17.15
06/10/2019,16.88
06/11/2019,16.99
06/12/2019,17.05
06/13/2019,16.86
06/14/2019,16.6
06/17/2019,16.61
06/18/2019,16.5
06/19/2019,16.1
06/20/2019,16.14
06/21/2019,16.67
06/24/2019,16.47
06/25/2019,17.12
06/26/2019,17.05
06/27/2019,16.76
06/28/2019,16.06
07/01/2019,15.43
07/02/2019,14.72
07/03/2019,14.53
07/05/2019,14.98
07/08/2019,15.48
07/09/2019,15.57
07/10/2019,15.19
07/11/2019,14.98
07/12/2019,14.8
07/15/2019,15.04
07/16/2019,15.22
07/17/2019,15.82
07/18/2019,15.54
07/19/2019,15.93
07/22/2019,15.47
07/23/2019,14.93
07/24/2019,14.56
07/25/2019,15.05
07/26/2019,14.69
07/29/2019,15.0
07/30/2019,15.7
07/31/2019,16.91
08/01/2019,17.99
08/02/2019,17.89
08/05/2019,21.9
08/06/2019,19.69
08/07/2019,19.5
08/08/2019,17.86
08/09/2019,18.56
08/12/2019,20.5
08/13/2019,18.53
08/14/2019,21.3
08/15/2019,21.07
08/16/2019,19.7
08/19/2019,18.36
08/20/2019,18.87
08/21/2019,17.72
08/22/2019,18.23
08/23/2019,20.36
08/26/2019,19.82
08/27/2019,20.64
08/28/2019,20.05
08/29/2019,19.03
08/30/2019,19.54
09/03/2019,20.12
09/04/2019,18.81
09/05/2019,18.08
09/06/2019,17.46
09/09/2019,17.55
09/10/2019,17.41
09/11/2019,17.1
09/12/2019,16.81
09/13/2019,16.67
09/16/2019,17.2
09/17/2019,17.23
09/18/2019,16.86
09/19/2019,16.79
09/20/2019,17.71
09/23/2019,17.87
09/24/2019,18.55
09/25/2019,18.0
09/26/2019,18.12
09/27/2019,18.75
09/30/2019,17.96
10/01/2019,19.35
10/02/2019,20.74
10/03/2019,19.78
10/04/2019,18.59
10/07/2019,18.91
10/08/2019,20.39
10/09/2019,19.51
10/10/2019,18.79
10/11/2019,17.55
10/14/2019,17.12
10/15/2019,16.48
10/16/2019,16.48
10/17/2019,16.44
10/18/2019,16.65
10/21/2019,16.28
10/22/2019,16.55
10/23/2019,16.29
10/24/2019,16.25
10/25/2019,15.71
10/28/2019,15.99
10/29/2019,16.09
10/30/2019,15.69
10/31/2019,16.05
11/01/2019,15.42
11/04/2019,15.62
11/05/2019,15.91
11/06/2019,15.83
11/07/2019,15.8
11/08/2019,15.53
11/11/2019,15.6
11/12/2019,15.49
11/13/2019,15.62
11/14/2019,15.6
11/15/2019,14.99
11/18/2019,15.17
11/19/2019,15.5
11/20/2019,15.64
11/21/2019,15.82
11/22/2019,15.4
11/25/2019,14.99
11/26/2019,14.85
11/27/2019,14.96
11/29/2019,15.51
12/02/2019,16.84
12/03/2019,17.63
12/04/2019,16.98
12/05/2019,16.78
12/06/2019,16.21
12/09/2019,17.3
12/10/2019,17.13
12/11/2019,16.91
12/12/2019,16.09
12/13/2019,15.28
12/16/2019,14.98
12/17/2019,15.15
12/18/2019,15.2
12/19/2019,15.14
12/20/2019,15.32
12/23/2019,15.5
12/24/2019,15.52
12/26/2019,15.52
12/27/2019,15.95
12/30/2019,16.68
12/31/2019,15.87
01/02/2020,15.19
01/03/2020,16.01
01/06/2020,15.92
01/07/2020,15.86
01/08/2020,15.4
01/09/2020,14.95
01/10/2020,14.95
01/13/2020,14.64
01/14/2020,14.64
01/15/2020,14.63
01/16/2020,14.45
01/17/2020,14.41
01/21/2020,14.87
01/22/2020,14.98
01/23/2020,14.99
01/24/2020,16.07
01/27/2020,18.16
01/28/2020,17.03
01/29/2020,17.03
01/30/2020,16.59
01/31/2020,18.63
02/03/2020,18.04
02/04/2020,16.7
02/05/2020,16.11
02/06/2020,15.89
02/07/2020,16.29
02/10/2020,16.13
02/11/2020,16.14
02/12/2020,15.36
02/13/2020,15.68
02/14/2020,15.5
02/18/2020,16.1
02/19/2020,15.82
02/20/2020,16.6
02/21/2020,17.61
02/24/2020,21.92
02/25/2020,23.86
02/26/2020,23.7
02/27/2020,29.92
02/28/2020,29.85
03/02/2020,27.7
03/03/2020,30.17
03/04/2020,27.51
03/05/2020,32.57
03/06/2020,35.46
03/09/2020,43.05
03/10/2020,39.44
03/11/2020,44.37
03/12/2020,57.24
03/13/2020,48.31
03/16/2020,67.7
03/17/2020,65.27
03/18/2020,72.98
03/19/2020,69.47
03/20/2020,65.59
03/23/2020,56.64
03/24/2020,52.11
03/25/2020,53.85
03/26/2020,49.79
03/27/2020,55.75
03/30/2020,51.26
03/31/2020,48.32
04/01/2020,51.17
04/02/2020,47.3
04/03/2020,44.84
04/06/2020,43.09
04/07/2020,43.42
04/08/2020,41.59
04/09/2020,40.61
04/13/2020,39.97
04/14/2020,36.46
04/15/2020,39.28
04/16/2020,39.21
04/17/2020,37.28
04/20/2020,40.97
04/21/2020,43.28
04/22/2020,40.92
04/23/2020,40.86
04/24/2020,37.81
04/27/2020,35.33
04/28/2020,35.37
04/29/2020,33.33
04/30/2020,35.05
05/01/2020,37.97
05/04/2020,37.0
05/05/2020,35.52
05/06/2020,35.68
05/07/2020,34.01
05/08/2020,31.64
05/11/2020,30.39
05/12/2020,34.26
05/13/2020,36.51
05/14/2020,34.9
05/15/2020,34.51
05/18/2020,31.77
05/19/2020,32.81
05/20/2020,31.11
05/21/2020,32.38
05/22/2020,31.54
05/26/2020,30.85
05/27/2020,30.19
05/28/2020,31.21
05/29/2020,30.27
06/01/2020,30.92
06/02/2020,29.93
06/03/2020,28.91
06/04/2020,28.85
06/05/2020,27.42
06/08/2020,28.08
06/09/2020,29.67
06/10/2020,29.57
06/11/2020,40.43
06/12/2020,38.05
06/15/2020,36.43
06/16/2020,35.8
06/17/2020,35.72
06/18/2020,35.14
06/19/2020,36.68
06/22/2020,33.75
06/23/2020,33.06
06/24/2020,35.39
06/25/2020,34.09
06/26/2020,35.8
06/29/2020,33.91
06/30/2020,32.52
07/01/2020,31.68
07/02/2020,30.87
07/06/2020,30.98
07/07/2020,32.07
07/08/2020,31.19
07/09/2020,32.06
07/10/2020,31.02
07/13/2020,34.54
07/14/2020,32.56
07/15/2020,31.56
07/16/2020,31.55
07/17/2020,30.37
07/20/2020,29.1
07/21/2020,29.47
07/22/2020,29.05
07/23/2020,30.25
07/24/2020,30.56
07/27/2020,30.0
07/28/2020,30.1
07/29/2020,29.29
07/30/2020,29.76
07/31/2020,29.71
08/03/2020,29.66
08/04/2020,29.09
08/05/2020,28.6
08/06/2020,28.2
08/07/2020,28.28
08/10/2020,28.05
08/11/2020,29.17
08/12/2020,28.12
08/13/2020,28.17
08/14/2020,28.37
08/17/2020,27.45
08/18/2020,27.35
08/19/2020,28.11
08/20/2020,28.13
08/21/2020,28.17
08/24/2020,28.1
08/25/2020,27.91
08/26/2020,28.7
08/27/2020,29.93
08/28/2020,29.62
08/31/2020,31.85
09/01/2020,32.1
09/02/2020,32.67
09/03/2020,37.63
09/04/2020,34.75
09/08/2020,34.31
09/09/2020,32.12
09/10/2020,32.92
09/11/2020,31.13
09/14/2020,30.48
09/15/2020,30.27
09/16/2020,30.57
09/17/2020,30.75
09/18/2020,30.46
09/21/2020,31.64
09/22/2020,31.67
09/23/2020,33.28
09/24/2020,33.06
09/25/2020,32.03
09/28/2020,31.74
09/29/2020,31.09
09/30/2020,31.64
10/01/2020,31.72
10/02/2020,32.39
10/05/2020,31.28
10/06/2020,31.88
10/07/2020,30.7
10/08/2020,29.49
10/09/2020,28.28
10/12/2020,27.98
10/13/2020,28.35
10/14/2020,28.24
10/15/2020,28.72
10/16/2020,29.21
10/19/2020,30.4
10/20/2020,30.11
10/21/2020,29.61
10/22/2020,29.3
10/23/2020,28.99
10/26/2020,32.07
10/27/2020,32.72
10/28/2020,37.75
10/29/2020,35.84
10/30/2020,36.27
11/02/2020,35.06
11/03/2020,33.52
11/04/2020,29.98
11/05/2020,29.05
11/06/2020,27.37
11/09/2020,26.88
11/10/2020,26.49
11/11/2020,25.62
11/12/2020,27.22
11/13/2020,25.69
11/16/2020,25.35
11/17/2020,25.38
11/18/2020,26.39
11/19/2020,25.8
11/20/2020,26.06
11/23/2020,25.43
11/24/2020,24.84
11/25/2020,24.42
11/27/2020,24.43
11/30/2020,24.33
12/01/2020,24.49
12/02/2020,24.54
12/03/2020,24.56
12/04/2020,24.29
12/07/2020,24.52
12/08/2020,23.87
12/09/2020,24.73
12/10/2020,25.05
12/11/2020,26.05
12/14/2020,27.11
12/15/2020,25.87
12/16/2020,25.47
12/17/2020,25.15
12/18/2020,25.17
12/21/2020,27.58
12/22/2020,27.25
12/23/2020,26.26
12/24/2020,25.37
12/28/2020,25.15
12/29/2020,26.24
12/30/2020,25.44
12/31/2020,25.28
01/04/2021,28.26
01/05/2021,27.25
01/06/2021,26.79
01/07/2021,25.02
01/08/2021,24.9
01/11/2021,26.7
01/12/2021,26.2
01/13/2021,25.55
01/14/2021,26.32
01/15/2021,27.26
01/19/2021,26.69
01/20/2021,25.72
01/21/2021,25.7
01/22/2021,25.99
01/25/2021,26.88
01/26/2021,26.89
01/27/2021,35.73
01/28/2021,31.77
01/29/2021,33.88
02/01/2021,32.53
02/02/2021,29.36
02/03/2021,27.57
02/04/2021,26.79
02/05/2021,26.52
02/08/2021,26.65
02/09/2021,27.11
02/10/2021,27.49
02/11/2021,27.22
02/12/2021,26.5
02/16/2021,27.55
02/17/2021,27.52
02/18/2021,27.86
02/19/2021,27.09
02/22/2021,27.81
02/23/2021,27.12
02/24/2021,25.89
02/25/2021,30.24
02/26/2021,29.6
03/01/2021,26.78
03/02/2021,27.16
03/03/2021,28.79
03/04/2021,30.08
03/05/2021,27.89
03/08/2021,28.13
03/09/2021,27.28
03/10/2021,26.68
03/11/2021,26.09
03/12/2021,25.74
03/15/2021,24.89
03/16/2021,24.71
03/17/2021,23.88
03/18/2021,25.28
03/19/2021,24.99
03/22/2021,22.94
03/23/2021,23.8
03/24/2021,24.4
03/25/2021,23.37
03/26/2021,22.32
03/29/2021,23.2
03/30/2021,22.31
03/31/2021,22.15
04/01/2021,20.97
04/05/2021,20.96
04/06/2021,21.16
04/07/2021,20.66
04/08/2021,20.59
04/09/2021,20.74
04/12/2021,20.82
04/13/2021,20.78
04/14/2021,21.06
04/15/2021,20.76
04/16/2021,20.53
04/19/2021,21.37
04/20/2021,22.35
04/21/2021,21.49
04/22/2021,22.52
04/23/2021,21.57
04/26/2021,21.54
04/27/2021,21.32
04/28/2021,21.13
04/29/2021,21.31
04/30/2021,22.07
05/03/2021,21.74
05/04/2021,22.67
05/05/2021,22.26
05/06/2021,21.88
05/07/2021,20.79
05/10/2021,22.4
05/11/2021,24.23
05/12/2021,28.18
05/13/2021,25.26
05/14/2021,22.26
05/17/2021,23.14
05/18/2021,24.22
05/19/2021,25.27
05/20/2021,23.81
05/21/2021,23.49
05/24/2021,22.23
05/25/2021,22.4
05/26/2021,21.3
05/27/2021,20.31
05/28/2021,20.48
06/01/2021,21.34
06/02/2021,21.42
06/03/2021,21.82
06/04/2021,20.62
06/07/2021,20.55
06/08/2021,20.85
06/09/2021,21.28
06/10/2021,20.08
06/11/2021,19.64
06/14/2021,20.14
06/15/2021,20.68
06/16/2021,21.26
06/17/2021,20.98
06/18/2021,22.93
06/21/2021,21.12
06/22/2021,20.07
06/23/2021,19.7
06/24/2021,19.26
06/25/2021,19.0
06/28/2021,19.02
06/29/2021,19.49
06/30/2021,19.51
07/01/2021,19.45
07/02/2021,19.3
07/06/2021,20.26
07/07/2021,20.41
07/08/2021,21.98
07/09/2021,20.44
07/12/2021,20.46
07/13/2021,21.13
07/14/2021,20.62
07/15/2021,21.09
07/16/2021,22.07
07/19/2021,24.9
07/20/2021,23.2
07/21/2021,21.87
07/22/2021,21.86
07/23/2021,21.65
07/26/2021,21.74
07/27/2021,23.0
07/28/2021,22.35
07/29/2021,21.88
07/30/2021,22.18
08/02/2021,23.05
08/03/2021,22.18
08/04/2021,22.17
08/05/2021,21.52
08/06/2021,20.87
08/09/2021,21.27
08/10/2021,21.21
08/11/2021,20.67
08/12/2021,20.25
08/13/2021,20.26
08/16/2021,20.64
08/17/2021,21.7
08/18/2021,23.8
08/19/2021,24.2
08/20/2021,22.41
08/23/2021,21.2
08/24/2021,21.22
08/25/2021,20.79
08/26/2021,21.86
08/27/2021,20.61
08/30/2021,20.4
08/31/2021,20.42
09/01/2021,20.08
09/02/2021,20.13
09/03/2021,20.32
09/07/2021,21.53
09/08/2021,21.59
09/09/2021,22.06
09/10/2021,23.31
09/13/2021,22.47
09/14/2021,22.55
09/15/2021,21.76
09/16/2021,21.81
09/17/2021,23.22
09/20/2021,26.4
09/21/2021,25.47
09/22/2021,23.05
09/23/2021,21.37
09/24/2021,20.82
09/27/2021,21.4
09/28/2021,24.03
09/29/2021,23.72
09/30/2021,23.87
10/01/2021,23.05
10/04/2021,24.11
10/05/2021,23.11
10/06/2021,22.84
10/07/2021,22.12
10/08/2021,21.88
10/11/2021,22.39
10/12/2021,22.33
10/13/2021,21.54
10/14/2021,20.37
10/15/2021,20.3
10/18/2021,20.29
10/19/2021,19.98
10/20/2021,19.87
10/21/2021,19.48
10/22/2021,20.01
10/25/2021,19.56
10/26/2021,20.11
10/27/2021,20.89
10/28/2021,20.48
10/29/2021,20.37
11/01/2021,20.39
11/02/2021,20.1
11/03/2021,19.5
11/04/2021,19.7
11/05/2021,20.49
11/08/2021,20.98
11/09/2021,21.41
11/10/2021,22.0
11/11/2021,21.38
11/12/2021,20.69
11/15/2021,20.87
11/16/2021,20.9
11/17/2021,21.58
11/18/2021,21.9
11/19/2021,21.92
11/22/2021,22.63
11/23/2021,22.45
11/24/2021,21.9
11/26/2021,29.17
11/29/2021,25.04
11/30/2021,28.13
12/01/2021,30.79
12/02/2021,29.15
12/03/2021,31.78
12/06/2021,28.88
12/07/2021,24.96
12/08/2021,23.63
12/09/2021,24.66
12/10/2021,23.18
12/13/2021,24.32
12/14/2021,25.35
12/15/2021,23.3
12/16/2021,24.37
12/17/2021,25.38
12/20/2021,26.31
12/21/2021,25.0
12/22/2021,23.56
12/23/2021,23.24
12/27/2021,22.74
12/28/2021,22.33
12/29/2021,21.83
12/30/2021,21.88
12/31/2021,21.88
01/03/2022,21.53
01/04/2022,21.62
01/05/2022,23.47
01/06/2022,23.5
01/07/2022,22.87
01/10/2022,22.68
01/11/2022,21.98
01/12/2022,21.58
01/13/2022,23.41
01/14/2022,22.82
01/18/2022,25.12
01/19/2022,25.81
01/20/2022,27.25
01/21/2022,29.95
01/24/2022,30.82
01/25/2022,31.76
01/26/2022,31.95
01/27/2022,30.87
01/28/2022,28.82
01/31/2022,26.85
02/01/2022,24.76
02/02/2022,25.14
02/03/2022,26.67
02/04/2022,26.25
02/07/2022,25.69
02/08/2022,24.54
02/09/2022,23.49
02/10/2022,26.07
02/11/2022,28.83
02/14/2022,29.44
02/15/2022,27.28
02/16/2022,26.26
02/17/2022,29.32
02/18/2022,29.22
02/22/2022,29.11
02/23/2022,30.88
02/24/2022,30.05
02/25/2022,28.04
02/28/2022,29.65
03/01/2022,32.59
03/02/2022,30.97
03/03/2022,30.8
03/04/2022,32.34
03/07/2022,35.74
03/08/2022,35.0
03/09/2022,33.06
03/10/2022,31.52
03/11/2022,32.34
03/14/2022,33.32
03/15/2022,31.96
03/16/2022,28.96
03/17/2022,28.22
03/18/2022,26.55
03/21/2022,26.38
03/22/2022,25.85
03/23/2022,26.41
03/24/2022,25.3
03/25/2022,24.72
03/28/2022,24.18
03/29/2022,23.19
03/30/2022,23.57
03/31/2022,24.46
04/01/2022,24.21
04/04/2022,23.03
04/05/2022,24.9
04/06/2022,25.8
04/07/2022,25.23
04/08/2022,25.17
04/11/2022,27.0
04/12/2022,27.17
04/13/2022,25.54
04/14/2022,26.03
04/18/2022,25.75
04/19/2022,25.06
04/20/2022,24.15
04/21/2022,26.11
04/22/2022,29.87
04/25/2022,29.07
04/26/2022,33.14
04/27/2022,32.2
04/28/2022,31.15
04/29/2022,33.18
05/02/2022,33.01
05/03/2022,30.81
05/04/2022,28.09
05/05/2022,32.68
05/06/2022,32.31
05/09/2022,35.05
05/10/2022,33.97
05/11/2022,33.63
05/12/2022,33.08
05/13/2022,30.7
05/16/2022,29.51
05/17/2022,28.37
05/18/2022,32.8
05/19/2022,30.79
05/20/2022,31.14
05/23/2022,30.29
05/24/2022,30.74
05/25/2022,29.73
05/26/2022,29.28
05/27/2022,28.02
05/31/2022,27.99
06/01/2022,27.72
06/02/2022,27.06
06/03/2022,27.33
06/06/2022,27.22
06/07/2022,26.52
06/08/2022,26.54
06/09/2022,28.01
06/10/2022,29.72
06/13/2022,34.24
06/14/2022,33.28
06/15/2022,30.78
06/16/2022,33.49
06/17/2022,32.36
06/21/2022,31.25
06/22/2022,30.24
06/23/2022,30.19
06/24/2022,28.95
06/27/2022,28.18
06/28/2022,29.15
06/29/2022,29.0
06/30/2022,29.71
07/01/2022,28.52
07/05/2022,28.9
07/06/2022,28.39
07/07/2022,28.03
07/08/2022,27.3
07/11/2022,28.25
07/12/2022,28.82
07/13/2022,28.56
07/14/2022,28.61
07/15/2022,27.08
07/18/2022,27.82
07/19/2022,27.31
07/20/2022,26.7
07/21/2022,26.22
07/22/2022,25.97
07/25/2022,25.8
07/26/2022,26.42
07/27/2022,25.31
07/28/2022,24.33
07/29/2022,23.79
08/01/2022,24.86
08/02/2022,25.66
08/03/2022,24.37
08/04/2022,24.32
08/05/2022,24.18
08/08/2022,24.48
08/09/2022,24.69
08/10/2022,23.46
08/11/2022,23.71
08/12/2022,23.31
08/15/2022,23.32
08/16/2022,23.32
08/17/2022,23.6
08/18/2022,23.39
08/19/2022,24.32
08/22/2022,26.0
08/23/2022,25.92
08/24/2022,24.89
08/25/2022,24.13
08/26/2022,26.56
08/29/2022,26.82
08/30/2022,26.91
08/31/2022,26.65
09/01/2022,26.43
09/02/2022,26.48
09/06/2022,27.59
09/07/2022,26.1
09/08/2022,25.52
09/09/2022,25.14
09/12/2022,25.37
09/13/2022,27.95
09/14/2022,27.46
09/15/2022,27.6
09/16/2022,27.63
09/19/2022,27.01
09/20/2022,27.88
09/21/2022,28.76
09/22/2022,28.22
09/23/2022,30.32
09/26/2022,31.77
09/27/2022,32.12
09/28/2022,30.58
09/29/2022,31.74
09/30/2022,31.86
10/03/2022,30.69
10/04/2022,29.67
10/05/2022,29.43
10/06/2022,30.79
10/07/2022,32.1
10/10/2022,32.73
10/11/2022,33.36
10/12/2022,33.13
10/13/2022,31.8
10/14/2022,32.45
10/17/2022,31.74
10/18/2022,30.98
10/19/2022,31.35
10/20/2022,30.81
10/21/2022,30.47
10/24/2022,30.33
10/25/2022,29.29
10/26/2022,28.46
10/27/2022,28.28
10/28/2022,26.9
10/31/2022,26.92
11/01/2022,26.69
11/02/2022,27.22
11/03/2022,26.7
11/04/2022,26.39
11/07/2022,26.26
11/08/2022,27.1
11/09/2022,27.91
11/10/2022,26.18
11/11/2022,25.74
11/14/2022,26.13
11/15/2022,26.59
11/16/2022,26.03
11/17/2022,25.83
11/18/2022,25.33
11/21/2022,24.72
11/22/2022,23.83
11/23/2022,23.38
11/25/2022,23.59
11/28/2022,24.9
11/29/2022,24.65
11/30/2022,23.53
12/01/2022,23.31
12/02/2022,22.96
12/05/2022,23.89
12/06/2022,24.72
12/07/2022,25.18
12/08/2022,24.73
12/09/2022,25.21
12/12/2022,25.67
12/13/2022,24.29
12/14/2022,23.46
12/15/2022,25.08
12/16/2022,25.15
12/19/2022,25.08
12/20/2022,24.4
12/21/2022,23.35
12/22/2022,24.78
12/23/2022,24.13
12/27/2022,24.43
12/28/2022,24.58
12/29/2022,23.95
12/30/2022,24.29
01/03/2023,24.58
01/04/2023,23.81
01/05/2023,24.07
01/06/2023,23.18
01/09/2023,23.74
01/10/2023,22.74
01/11/2023,22.74
01/12/2023,21.58
01/13/2023,21.14
01/17/2023,21.45
01/18/2023,22.27
01/19/2023,22.45
01/20/2023,21.72
01/23/2023,21.6
01/24/2023,20.91
01/25/2023,20.94
01/26/2023,20.7
01/27/2023,20.47
01/30/2023,21.37
01/31/2023,20.81
02/01/2023,19.97
02/02/2023,20.84
02/03/2023,20.78
02/06/2023,21.43
02/07/2023,20.78
02/08/2023,21.82
02/09/2023,22.5
02/10/2023,22.55
02/13/2023,21.97
02/14/2023,21.14
02/15/2023,20.68
02/16/2023,21.88
02/17/2023,21.77
02/21/2023,23.38
02/22/2023,22.68
02/23/2023,21.74
02/24/2023,22.43
02/27/2023,21.59
02/28/2023,21.32
03/01/2023,21.36
03/02/2023,20.63
03/03/2023,19.98
03/06/2023,19.99
03/07/2023,20.59
03/08/2023,20.19
03/09/2023,22.87
03/10/2023,25.39
03/13/2023,26.64
03/14/2023,24.87
03/15/2023,27.2
03/16/2023,24.56
03/17/2023,27.42
03/20/2023,25.85
03/21/2023,23.57
03/22/2023,24.38
03/23/2023,24.53
03/24/2023,23.96
03/27/2023,22.87
03/28/2023,22.38
03/29/2023,21.49
03/30/2023,21.45
03/31/2023,21.23
04/03/2023,20.83
04/04/2023,21.34
04/05/2023,21.48
04/06/2023,21.0
04/10/2023,21.07
04/11/2023,21.01
04/12/2023,21.05
04/13/2023,20.26
04/14/2023,20.03
04/17/2023,19.65
04/18/2023,19.82
04/19/2023,20.02
04/20/2023,20.55
04/21/2023,20.39
04/24/2023,20.4
04/25/2023,21.65
04/26/2023,21.54
04/27/2023,20.37
04/28/2023,19.54
05/01/2023,19.67
05/02/2023,20.75
05/03/2023,21.29
05/04/2023,22.77
05/05/2023,20.78
05/08/2023,20.71
05/09/2023,21.17
05/10/2023,20.69
05/11/2023,20.62
05/12/2023,20.66
05/15/2023,20.31
05/16/2023,20.9
05/17/2023,20.05
05/18/2023,19.33
05/19/2023,20.04
05/22/2023,20.36
05/23/2023,21.06
05/24/2023,22.02
05/25/2023,21.38
05/26/2023,20.44
05/30/2023,20.13
05/31/2023,20.21
06/01/2023,18.75
06/02/2023,17.92
06/05/2023,17.9
06/06/2023,17.04
06/07/2023,17.14
06/08/2023,16.86
06/09/2023,16.96
06/12/2023,17.28
06/13/2023,17.23
06/14/2023,16.86
06/15/2023,17.18
06/16/2023,16.75
06/20/2023,17.3
06/21/2023,16.89
06/22/2023,16.56
06/23/2023,16.87
06/26/2023,17.05
06/27/2023,16.44
06/28/2023,15.9
06/29/2023,16.1
06/30/2023,16.02
07/03/2023,16.07
07/05/2023,16.51
07/06/2023,17.52
07/07/2023,17.24
07/10/2023,17.25
07/11/2023,16.97
07/12/2023,16.11
07/13/2023,16.12
07/14/2023,16.04
07/17/2023,16.27
07/18/2023,16.13
07/19/2023,16.56
07/20/2023,16.66
07/21/2023,16.4
07/24/2023,16.26
07/25/2023,16.22
07/26/2023,15.79
07/27/2023,16.63
07/28/2023,15.92
07/31/2023,16.01
08/01/2023,16.34
08/02/2023,17.96
08/03/2023,17.72
08/04/2023,18.61
08/07/2023,17.72
08/08/2023,18.13
08/09/2023,18.05
08/10/2023,18.16
08/11/2023,17.56
08/14/2023,17.41
08/15/2023,18.59
08/16/2023,18.97
08/17/2023,19.83
08/18/2023,19.24
08/21/2023,18.77
08/22/2023,18.72
08/23/2023,17.94
08/24/2023,18.75
08/25/2023,17.72
08/28/2023,17.12
08/29/2023,16.56
08/30/2023,16.18
08/31/2023,15.92
09/01/2023,15.74
09/05/2023,16.24
09/06/2023,16.61
09/07/2023,16.58
09/08/2023,16.14
09/11/2023,16.02
09/12/2023,16.25
09/13/2023,15.92
09/14/2023,15.34
09/15/2023,16.02
09/18/2023,16.13
09/19/2023,16.13
09/20/2023,16.81
09/21/2023,18.24
09/22/2023,18.09
09/25/2023,18.02
09/26/2023,19.72
09/27/2023,19.11
09/28/2023,18.38
09/29/2023,18.51
10/02/2023,18.62
10/03/2023,20.41
10/04/2023,19.52
10/05/2023,19.5
10/06/2023,18.73
10/09/2023,18.81
10/10/2023,18.27
10/11/2023,17.63
10/12/2023,18.09
10/13/2023,20.57
10/16/2023,18.79
10/17/2023,19.26
10/18/2023,20.47
10/19/2023,22.19
10/20/2023,22.44
10/23/2023,21.33
10/24/2023,20.21
10/25/2023,21.33
10/26/2023,21.57
10/27/2023,22.27
10/30/2023,20.8
10/31/2023,19.49
11/01/2023,18.55
11/02/2023,17.8
11/03/2023,17.22
11/06/2023,17.03
11/07/2023,16.92
11/08/2023,16.64
11/09/2023,17.3
11/10/2023,16.52
11/13/2023,16.61
11/14/2023,16.29
11/15/2023,16.28
11/16/2023,16.14
11/17/2023,15.85
11/20/2023,15.69
11/21/2023,15.5
11/22/2023,15.48
11/24/2023,15.12
11/27/2023,15.34
11/28/2023,15.24
11/29/2023,15.51
11/30/2023,15.44
12/01/2023,15.36
12/04/2023,15.68
12/05/2023,15.57
12/06/2023,15.74
12/07/2023,15.65
12/08/2023,15.16
12/11/2023,15.19
12/12/2023,14.83
12/13/2023,14.66
12/14/2023,14.79
12/15/2023,15.13
12/18/2023,15.47
12/19/2023,15.64
12/20/2023,16.58
12/21/2023,16.3
12/22/2023,15.99
12/26/2023,15.88
12/27/2023,15.27
12/28/2023,15.23
12/29/2023,15.26
01/02/2024,15.48
01/03/2024,16.04
01/04/2024,16.04
01/05/2024,15.51
01/08/2024,15.14
01/09/2024,14.9
01/10/2024,14.73
01/11/2024,14.56
01/12/2024,14.94
01/16/2024,15.74
01/17/2024,16.38
01/18/2024,15.84
01/19/2024,15.26
01/22/2024,14.97
01/23/2024,14.52
01/24/2024,14.97
01/25/2024,15.1
01/26/2024,15.03
01/29/2024,15.22
01/30/2024,15.14
01/31/2024,15.96
02/01/2024,15.5
02/02/2024,15.61
02/05/2024,15.33
02/06/2024,14.99
02/07/2024,14.85
02/08/2024,14.93
02/09/2024,15.08
02/12/2024,15.67
02/13/2024,16.82
02/14/2024,15.93
02/15/2024,15.76
02/16/2024,15.86
02/20/2024,16.41
02/21/2024,16.23
02/22/2024,15.77
02/23/2024,15.25
02/26/2024,15.22
02/27/2024,14.89
02/28/2024,15.22
02/29/2024,14.93
03/01/2024,14.93
03/04/2024,15.23
03/05/2024,15.91
03/06/2024,15.97
03/07/2024,15.91
03/08/2024,16.3
03/11/2024,16.46
03/12/2024,15.66
03/13/2024,15.6
03/14/2024,16.12
03/15/2024,16.41
03/18/2024,16.22
03/19/2024,15.77
03/20/2024,15.28
03/21/2024,15.18
03/22/2024,15.3
03/25/2024,15.38
03/26/2024,15.29
03/27/2024,15.01
03/28/2024,15.19
04/01/2024,15.52
04/02/2024,16.09
04/03/2024,15.91
04/04/2024,17.16
04/05/2024,17.18
04/08/2024,16.56
04/09/2024,16.42
04/10/2024,17.04
04/11/2024,16.49
04/12/2024,18.2
04/15/2024,19.55
04/16/2024,18.84
04/17/2024,18.77
04/18/2024,18.66
04/19/2024,19.25
04/22/2024,17.63
04/23/2024,16.68
04/24/2024,16.84
04/25/2024,16.37
04/26/2024,16.27
04/29/2024,16.0
04/30/2024,16.59
05/01/2024,16.57
05/02/2024,16.05
05/03/2024,15.27
05/06/2024,15.02
05/07/2024,14.95
05/08/2024,14.9
05/09/2024,14.71
05/10/2024,14.66
05/13/2024,14.89
05/14/2024,14.7
05/15/2024,14.08
05/16/2024,14.22
05/17/2024,13.99
05/20/2024,14.11
05/21/2024,13.95
05/22/2024,14.31
05/23/2024,14.67
05/24/2024,14.17
05/28/2024,14.72
05/29/2024,15.45
05/30/2024,15.59
05/31/2024,14.66
06/03/2024,14.8
06/04/2024,14.88
06/05/2024,14.54
06/06/2024,14.54
06/07/2024,14.41
06/10/2024,14.6
06/11/2024,14.49
06/12/2024,14.12
06/13/2024,14.17
06/14/2024,14.84
06/17/2024,14.79
06/18/2024,14.69
06/20/2024,15.41
06/21/2024,15.17
06/24/2024,15.23
06/25/2024,14.86
06/26/2024,14.71
06/27/2024,14.42
06/28/2024,14.52
07/01/2024,14.19
07/02/2024,14.01
07/03/2024,14.02
07/05/2024,14.35
07/08/2024,14.29
07/09/2024,14.39
07/10/2024,14.5
07/11/2024,14.67
07/12/2024,14.37
07/15/2024,14.87
07/16/2024,14.91
07/17/2024,15.79
07/18/2024,16.56
07/19/2024,17.16
07/22/2024,16.09
07/23/2024,16.01
07/24/2024,18.43
07/25/2024,18.69
07/26/2024,17.24
07/29/2024,17.16
07/30/2024,18.01
07/31/2024,16.97
08/01/2024,19.14
08/02/2024,23.34
08/05/2024,33.71
08/06/2024,26.76
08/07/2024,27.01
08/08/2024,24.13
08/09/2024,21.18
08/12/2024,21.63
08/13/2024,19.86
08/14/2024,18.45
08/15/2024,17.88
08/16/2024,17.81
08/19/2024,17.59
08/20/2024,18.28
08/21/2024,18.58
08/22/2024,19.36
08/23/2024,18.19
08/26/2024,18.25
08/27/2024,17.73
08/28/2024,18.9
08/29/2024,18.0
08/30/2024,17.43
09/03/2024,21.7
09/04/2024,22.07
09/05/2024,20.93
09/06/2024,22.74
09/09/2024,20.88
09/10/2024,20.55
09/11/2024,19.59
09/12/2024,19.48
09/13/2024,19.28
09/16/2024,19.81
09/17/2024,20.13
09/18/2024,20.35
09/19/2024,19.07
09/20/2024,18.94
09/23/2024,18.7
09/24/2024,18.47
09/25/2024,18.57
09/26/2024,18.45
09/27/2024,19.54
09/30/2024,19.22
10/01/2024,20.89
10/02/2024,20.59
10/03/2024,21.63
10/04/2024,20.65
10/07/2024,22.59
10/08/2024,21.52
10/09/2024,20.91
10/10/2024,21.02
10/11/2024,20.77
10/14/2024,20.12
10/15/2024,20.8
10/16/2024,20.32
10/17/2024,19.81
10/18/2024,19.19
10/21/2024,19.24
10/22/2024,19.17
10/23/2024,20.04
10/24/2024,19.85
10/25/2024,20.94
10/28/2024,20.17
10/29/2024,19.96
10/30/2024,20.76
10/31/2024,22.64
11/01/2024,21.91
11/04/2024,21.57
11/05/2024,20.19
11/06/2024,17.67
11/07/2024,16.95
11/08/2024,16.83
11/11/2024,16.8
11/12/2024,16.71
11/13/2024,16.51
11/14/2024,16.68
11/15/2024,17.81
11/18/2024,17.19
11/19/2024,17.69
11/20/2024,18.26
11/21/2024,18.18
11/22/2024,17.3
11/25/2024,16.87
11/26/2024,16.53
11/27/2024,16.6
11/29/2024,16.26
12/02/2024,16.34
12/03/2024,16.24
12/04/2024,16.39
12/05/2024,16.58
12/06/2024,16.32
12/09/2024,17.09
12/10/2024,16.98
12/11/2024,16.88
12/12/2024,17.35
12/13/2024,17.15
12/16/2024,17.57
12/17/2024,18.13
12/18/2024,24.24
12/19/2024,24.14
12/20/2024,20.1
12/23/2024,18.65
12/24/2024,17.2
12/26/2024,17.36
12/27/2024,18.07
12/30/2024,18.94
12/31/2024,18.98
01/02/2025,19.33
01/03/2025,18.14
01/06/2025,18.03
01/07/2025,19.19
01/08/2025,19.34
01/10/2025,20.97
01/13/2025,20.43
01/14/2025,19.99
01/15/2025,18.23
01/16/2025,18.35
01/17/2025,18.19
01/21/2025,17.5
01/22/2025,17.81
01/23/2025,17.52
01/24/2025,17.55
01/27/2025,18.97
01/28/2025,18.13
01/29/2025,18.15
01/30/2025,17.91
01/31/2025,18.43
02/03/2025,19.55
02/04/2025,18.64
02/05/2025,17.96
02/06/2025,17.94
02/07/2025,18.63
02/10/2025,18.23
02/11/2025,18.28
02/12/2025,18.31
02/13/2025,17.84
02/14/2025,17.81
02/18/2025,17.82
02/19/2025,17.93
02/20/2025,18.01
02/21/2025,19.48
02/24/2025,19.86
02/25/2025,20.03
02/26/2025,19.75
02/27/2025,21.22
02/28/2025,20.18
03/03/2025,22.18
03/04/2025,22.78
03/05/2025,21.72
03/06/2025,23.7
03/07/2025,22.59
03/10/2025,25.72
03/11/2025,25.34
03/12/2025,23.67
03/13/2025,24.06
03/14/2025,22.17
03/17/2025,21.3
03/18/2025,21.97
03/19/2025,20.83
03/20/2025,20.71
03/21/2025,20.35
03/24/2025,19.04
03/25/2025,19.05
03/26/2025,19.84
03/27/2025,19.89
03/28/2025,22.01
03/31/2025,21.97
04/01/2025,21.82
04/02/2025,21.45
04/03/2025,27.38
04/04/2025,36.71
04/07/2025,36.88
04/08/2025,41.5
04/09/2025,29.92
04/10/2025,35.71
04/11/2025,33.91
04/14/2025,29.63
04/15/2025,29.0
04/16/2025,30.94
04/17/2025,29.35
04/21/2025,31.83
04/22/2025,29.45
04/23/2025,28.02
04/24/2025,26.44
04/25/2025,25.37
04/28/2025,25.73
04/29/2025,25.22
04/30/2025,25.54
05/01/2025,25.49
05/02/2025,24.0
05/05/2025,24.55
05/06/2025,25.41
05/07/2025,24.7
05/08/2025,23.76
05/09/2025,23.38
05/12/2025,20.22
05/13/2025,20.09
05/14/2025,20.58
05/15/2025,20.25
05/16/2025,20.08
05/19/2025,20.69
05/20/2025,20.72
05/21/2025,22.66
05/22/2025,22.32
05/23/2025,23.8
05/27/2025,21.29
05/28/2025,21.67
05/29/2025,21.62
05/30/2025,21.38
06/02/2025,21.09
06/03/2025,20.72
06/04/2025,20.66
06/05/2025,21.11
06/06/2025,20.02
06/09/2025,20.09
06/10/2025,19.94
06/11/2025,20.3
06/12/2025,20.65
06/13/2025,22.62
06/16/2025,21.23
06/17/2025,22.91
06/18/2025,21.97
06/20/2025,22.48
06/23/2025,21.82
06/24/2025,20.05
06/25/2025,19.67
06/26/2025,19.45
06/27/2025,19.45
06/30/2025,19.44
07/01/2025,19.51
07/02/2025,19.35
07/03/2025,19.21
07/07/2025,20.21
07/08/2025,19.58
07/09/2025,19.02
07/10/2025,18.92
07/11/2025,19.37
07/14/2025,19.84
07/15/2025,20.06
07/16/2025,20.09
07/17/2025,19.69
07/18/2025,19.58
07/21/2025,19.51
07/22/2025,19.53
07/23/2025,18.56
07/24/2025,18.56
07/25/2025,18.32
07/28/2025,18.16
07/29/2025,18.77
07/30/2025,18.35
07/31/2025,19.14
08/01/2025,21.24
08/04/2025,19.61
08/05/2025,20.03
08/06/2025,19.47
08/07/2025,19.35
08/08/2025,18.7
08/11/2025,19.25
08/12/2025,18.34
08/13/2025,18.33
08/14/2025,18.49
08/15/2025,18.64
08/18/2025,18.45
08/19/2025,18.9
08/20/2025,19.1
08/21/2025,19.41
08/22/2025,17.76
08/25/2025,18.02
08/26/2025,17.9
08/27/2025,17.94
08/28/2025,17.72
08/29/2025,18.35
09/02/2025,19.38
09/03/2025,18.93
09/04/2025,18.39
09/05/2025,18.42
09/08/2025,18.29
09/09/2025,18.27
09/10/2025,18.44
09/11/2025,18.03
09/12/2025,18.06
09/15/2025,18.53
09/16/2025,18.91
09/17/2025,18.44
09/18/2025,18.52
09/19/2025,18.48
09/22/2025,18.95
09/23/2025,19.44
09/24/2025,19.14
09/25/2025,19.46
09/26/2025,18.41
09/29/2025,18.76
09/30/2025,18.77
10/01/2025,18.76
10/02/2025,18.89
10/03/2025,19.08
10/06/2025,19.12
10/07/2025,19.71
10/08/2025,19.26
10/09/2025,19.38
10/10/2025,22.81
10/13/2025,20.93
10/14/2025,22.03
10/15/2025,21.94
10/16/2025,24.87
10/17/2025,22.09
10/20/2025,20.31
10/21/2025,19.99
10/22/2025,20.31
10/23/2025,19.65
10/24/2025,19.2
10/27/2025,18.99
10/28/2025,19.55
10/29/2025,19.83
10/30/2025,19.98
10/31/2025,20.49
11/03/2025,20.38
11/04/2025,21.29
11/05/2025,20.6
11/06/2025,21.35
11/07/2025,21.19
11/10/2025,20.24
11/11/2025,20.19
11/12/2025,20.34
11/13/2025,21.85
11/14/2025,21.58
11/17/2025,23.18
11/18/2025,24.54
11/19/2025,23.99
11/20/2025,25.76
11/21/2025,23.96
11/24/2025,21.85
11/25/2025,20.73
11/26/2025,20.02
11/28/2025,19.64
12/01/2025,20.22
12/02/2025,19.84
12/03/2025,19.71
12/04/2025,19.49
12/05/2025,19.27
12/08/2025,19.91
12/09/2025,20.08
12/10/2025,19.35
12/11/2025,19.05
12/12/2025,19.25
12/15/2025,19.68
12/16/2025,19.67
12/17/2025,20.08
12/18/2025,19.59
12/19/2025,18.25
12/22/2025,17.79
12/23/2025,17.84
12/24/2025,17.77
12/26/2025,17.77
12/29/2025,17.82
12/30/2025,17.77
12/31/2025,18.18
01/02/2026,18.02
01/05/2026,18.32
01/06/2026,18.15
01/07/2026,18.59
01/08/2026,18.39
01/09/2026,17.88
01/12/2026,18.23
01/13/2026,18.85
01/14/2026,19.37
01/15/2026,18.9
01/16/2026,18.99
01/20/2026,21.28
01/21/2026,19.36
01/22/2026,18.75
01/23/2026,19.15
01/26/2026,19.07
01/27/2026,19.22
01/28/2026,19.3
01/29/2026,19.67
01/30/2026,20.07
02/02/2026,19.37
02/03/2026,20.35
02/04/2026,20.62
02/05/2026,22.45
02/06/2026,20.37
02/09/2026,20.09
02/10/2026,20.43
02/11/2026,20.37
02/12/2026,22.17
02/13/2026,22.17
02/17/2026,21.6
02/18/2026,21.39
02/19/2026,21.88
02/20/2026,21.09
02/23/2026,22.14
02/24/2026,21.34
02/25/2026,20.36
02/26/2026,20.81
02/27/2026,21.56
03/02/2026,22.44
03/03/2026,23.54
03/04/2026,22.29
03/05/2026,23.86
03/06/2026,27.56
03/09/2026,25.34
03/10/2026,25.51
03/11/2026,24.97
03/12/2026,26.95
03/13/2026,27.28
03/16/2026,24.92
03/17/2026,24.33
03/18/2026,26.56
03/19/2026,25.54
03/20/2026,27.43
03/23/2026,26.1
03/24/2026,26.56
03/25/2026,25.63
03/26/2026,27.16
03/27/2026,29.27
03/30/2026,29.13
03/31/2026,25.55
04/01/2026,24.86
04/02/2026,24.72
04/06/2026,24.77
04/07/2026,25.57
04/08/2026,22.68
04/09/2026,21.81
04/10/2026,21.86
04/13/2026,21.34
04/14/2026,20.82
04/15/2026,20.78
04/16/2026,20.77
04/17/2026,20.51
04/20/2026,21.24
04/21/2026,21.51
04/22/2026,21.24
04/23/2026,21.48
04/24/2026,21.3
04/27/2026,20.77
04/28/2026,20.49
04/29/2026,21.19
04/30/2026,20.08
05/01/2026,20.37
05/04/2026,21.05
05/05/2026,20.82
05/06/2026,20.57
05/07/2026,20.35
05/08/2026,20.5
05/11/2026,21.24
05/12/2026,21.04
05/13/2026,21.18
05/14/2026,20.85
05/15/2026,21.36
05/18/2026,20.92
05/19/2026,21.12
05/20/2026,20.76
05/21/2026,20.0
05/22/2026,20.03
05/26/2026,19.89
05/27/2026,19.45
05/28/2026,19.11
05/29/2026,18.66
06/01/2026,19.43
06/02/2026,19.49
06/03/2026,19.76
06/04/2026,19.23
06/05/2026,21.82
06/08/2026,20.79
06/09/2026,21.31
06/10/2026,22.89
06/11/2026,21.42
06/12/2026,20.51
06/15/2026,19.36
06/16/2026,19.53
06/17/2026,20.62
06/18/2026,19.57
06/22/2026,19.76
06/23/2026,21.06
06/24/2026,20.37
06/25/2026,20.33
06/26/2026,20.13
06/29/2026,19.53
06/30/2026,19.0
07/01/2026,19.16
07/02/2026,19.04
07/06/2026,18.78
07/07/2026,19.01
07/08/2026,19.46
07/09/2026,18.99
07/10/2026,18.57
07/13/2026,19.64
